Year,Age,Parity_clean,Parity_Group,Gravidity,Marital Status,Gestation Weeks,Visit Count,Weight (kg),Systolic BP,Diastolic BP,IPT Doses,Age_Group,Monitoring_Score,Monitoring_Category,Monitoring_Flags
2021,37.0,4.0,3+,5.0,married,28.0,2.0,101.0,109.0,71.0,2.0,25+,2,Moderate monitoring concern,Age 35 or above; High parity
2021,25.0,1.0,1,2.0,married,37.0,3.0,92.0,124.0,82.0,0.0,25+,0,Lower monitoring concern,
2021,32.0,1.0,1,1.0,married,24.0,3.0,85.0,116.0,69.0,3.0,25+,0,Lower monitoring concern,
2021,22.0,0.0,0,1.0,single,34.0,2.0,70.0,133.0,79.0,2.0,20-24,0,Lower monitoring concern,
2021,25.0,0.0,0,1.0,married,30.0,3.0,83.0,135.0,71.0,1.0,25+,0,Lower monitoring concern,
2021,36.0,0.0,0,1.0,married,20.0,2.0,58.0,118.0,68.0,5.0,25+,1,Lower monitoring concern,Age 35 or above
2021,20.0,0.0,0,1.0,married,28.0,1.0,53.0,112.0,75.0,0.0,20-24,1,Lower monitoring concern,Low recorded ANC visits
2021,27.0,0.0,0,1.0,married,36.0,1.0,74.0,126.0,71.0,2.0,25+,1,Lower monitoring concern,Low recorded ANC visits
2021,20.0,0.0,0,1.0,married,28.0,1.0,73.0,116.0,68.0,1.0,20-24,1,Lower monitoring concern,Low recorded ANC visits
2021,20.0,0.0,0,1.0,married,37.0,1.0,60.0,119.0,80.0,0.0,20-24,1,Lower monitoring concern,Low recorded ANC visits
2021,21.0,0.0,0,1.0,married,28.0,1.0,71.0,113.0,61.0,2.0,20-24,1,Lower monitoring concern,Low recorded ANC visits
2021,22.0,1.0,1,2.0,married,28.0,2.0,53.0,93.0,52.0,0.0,20-24,0,Lower monitoring concern,
2021,32.0,3.0,3+,4.0,married,28.0,2.0,58.0,141.0,81.0,3.0,25+,2,Moderate monitoring concern,Elevated systolic BP
2021,23.0,5.0,3+,6.0,married,28.0,3.0,71.0,113.0,63.0,2.0,20-24,1,Lower monitoring concern,High parity
2021,24.0,0.0,0,1.0,married,28.0,2.0,63.0,124.0,69.0,3.0,20-24,0,Lower monitoring concern,
2021,32.0,0.0,0,1.0,married,30.0,4.0,69.0,109.0,68.0,3.0,25+,0,Lower monitoring concern,
2021,22.0,3.0,3+,4.0,married,20.0,3.0,69.0,124.0,71.0,0.0,20-24,0,Lower monitoring concern,
2021,22.0,0.0,0,1.0,married,28.0,1.0,57.0,115.0,65.0,1.0,20-24,1,Lower monitoring concern,Low recorded ANC visits
2021,28.0,0.0,0,1.0,married,28.0,2.0,71.0,114.0,64.0,4.0,25+,0,Lower monitoring concern,
2021,32.0,2.0,2,4.0,married,24.0,3.0,67.0,101.0,41.0,3.0,25+,0,Lower monitoring concern,
2021,25.0,0.0,0,1.0,married,21.0,3.0,62.0,117.0,78.0,3.0,25+,0,Lower monitoring concern,
2021,34.0,0.0,0,3.0,single,12.0,3.0,61.0,116.0,62.0,3.0,25+,0,Lower monitoring concern,
2021,27.0,0.0,0,1.0,married,12.0,4.0,59.5,111.0,51.0,3.0,25+,0,Lower monitoring concern,
2021,26.0,4.0,3+,7.0,married,20.0,3.0,66.0,113.0,74.0,3.0,25+,1,Lower monitoring concern,High parity
2021,28.0,1.0,1,2.0,married,21.0,2.0,60.0,115.0,69.0,2.0,25+,0,Lower monitoring concern,
2021,23.0,0.0,0,1.0,married,37.0,2.0,55.0,92.0,61.0,2.0,20-24,0,Lower monitoring concern,
2021,35.0,1.0,1,3.0,married,28.0,3.0,67.0,112.0,62.0,3.0,25+,1,Lower monitoring concern,Age 35 or above
2021,19.0,0.0,0,1.0,married,24.0,3.0,62.0,121.0,54.0,3.0,<20,1,Lower monitoring concern,Age below 20
2021,32.0,5.0,3+,7.0,divorced,28.0,3.0,63.0,112.0,71.0,3.0,25+,1,Lower monitoring concern,High parity
2021,27.0,2.0,2,3.0,married,21.0,3.0,61.0,91.0,60.0,3.0,25+,0,Lower monitoring concern,
2021,18.0,1.0,1,3.0,married,25.0,3.0,69.0,114.0,58.0,3.0,<20,1,Lower monitoring concern,Age below 20
2021,22.0,0.0,0,1.0,married,21.0,1.0,53.0,109.0,58.0,0.0,20-24,1,Lower monitoring concern,Low recorded ANC visits
2021,28.0,4.0,3+,5.0,single,6.0,1.0,82.5,122.0,71.0,0.0,25+,2,Moderate monitoring concern,High parity; Low recorded ANC visits
2021,25.0,2.0,2,3.0,married,21.0,4.0,72.0,113.0,70.0,1.0,25+,0,Lower monitoring concern,
2021,32.0,0.0,0,1.0,married,30.0,3.0,61.0,104.0,61.0,3.0,25+,0,Lower monitoring concern,
2021,29.0,2.0,2,3.0,married,38.0,3.0,73.0,98.0,70.0,6.0,25+,0,Lower monitoring concern,
2021,23.0,2.0,2,3.0,married,21.0,3.0,50.0,119.0,70.0,3.0,20-24,0,Lower monitoring concern,
2021,25.0,0.0,0,1.0,married,21.0,3.0,69.0,96.0,70.0,2.0,25+,0,Lower monitoring concern,
2021,27.0,2.0,2,3.0,married,21.0,4.0,40.5,120.0,70.0,4.0,25+,0,Lower monitoring concern,
2021,30.0,0.0,0,1.0,married,24.0,2.0,73.5,119.0,62.0,2.0,25+,0,Lower monitoring concern,
2021,23.0,0.0,0,1.0,married,28.0,4.0,57.0,135.0,87.0,3.0,20-24,0,Lower monitoring concern,
2021,29.0,0.0,0,1.0,married,32.0,6.0,57.0,160.0,97.0,6.0,25+,4,Higher monitoring concern,Elevated systolic BP; Elevated diastolic BP
2021,28.0,2.0,2,4.0,married,36.0,7.0,83.0,124.0,83.0,4.0,25+,0,Lower monitoring concern,
2021,33.0,3.0,3+,4.0,married,24.0,4.0,78.5,132.0,85.0,5.0,25+,0,Lower monitoring concern,
2021,23.0,0.0,0,1.0,married,53.0,5.0,40.0,104.0,69.0,3.0,20-24,0,Lower monitoring concern,Implausible gestational age
2021,24.0,1.0,1,2.0,married,24.0,5.0,77.0,136.0,77.0,3.0,20-24,0,Lower monitoring concern,
2021,29.0,2.0,2,3.0,married,24.0,3.0,93.0,157.0,93.0,5.0,25+,4,Higher monitoring concern,Elevated systolic BP; Elevated diastolic BP
2021,20.0,0.0,0,1.0,married,20.0,3.0,62.0,132.0,62.0,2.0,20-24,0,Lower monitoring concern,
2021,22.0,1.0,1,2.0,married,32.0,5.0,93.0,162.0,93.0,4.0,20-24,4,Higher monitoring concern,Elevated systolic BP; Elevated diastolic BP
2021,24.0,2.0,2,3.0,married,21.0,4.0,107.0,157.0,107.0,2.0,20-24,4,Higher monitoring concern,Elevated systolic BP; Elevated diastolic BP
2021,36.0,2.0,2,3.0,married,28.0,2.0,56.0,109.0,60.0,1.0,25+,1,Lower monitoring concern,Age 35 or above
2021,25.0,2.0,2,2.0,married,16.0,1.0,81.0,160.0,81.0,0.0,25+,3,Moderate monitoring concern,Elevated systolic BP; Low recorded ANC visits
2021,25.0,0.0,0,1.0,married,24.0,1.0,52.0,114.0,52.0,0.0,25+,1,Lower monitoring concern,Low recorded ANC visits
2021,21.0,0.0,0,1.0,married,24.0,1.0,52.0,114.0,52.0,0.0,20-24,1,Lower monitoring concern,Low recorded ANC visits
2021,28.0,1.0,1,2.0,married,28.0,1.0,52.0,114.0,52.0,1.0,25+,1,Lower monitoring concern,Low recorded ANC visits
2021,19.0,2.0,2,3.0,married,28.0,1.0,52.0,161.0,52.0,1.0,<20,4,Higher monitoring concern,Age below 20; Elevated systolic BP; Low recorded ANC visits
2021,31.0,0.0,0,1.0,married,36.0,3.0,59.0,129.0,59.0,4.0,25+,0,Lower monitoring concern,
2021,23.0,0.0,0,1.0,single,28.0,3.0,74.0,151.0,74.0,1.0,20-24,2,Moderate monitoring concern,Elevated systolic BP
2021,22.0,1.0,1,1.0,married,28.0,4.0,52.0,152.0,52.0,1.0,20-24,2,Moderate monitoring concern,Elevated systolic BP
2021,30.0,2.0,2,3.0,married,32.0,4.0,52.0,146.0,52.0,5.0,25+,2,Moderate monitoring concern,Elevated systolic BP
2021,23.0,0.0,0,1.0,married,34.0,1.0,65.0,139.0,65.0,2.0,20-24,1,Lower monitoring concern,Low recorded ANC visits
2021,30.0,2.0,2,3.0,married,37.0,5.0,84.0,126.0,62.0,4.0,25+,0,Lower monitoring concern,
2021,21.0,0.0,0,1.0,married,32.0,2.0,82.2,122.0,82.0,2.0,20-24,0,Lower monitoring concern,
2021,25.0,1.0,1,2.0,married,28.0,2.0,71.0,119.0,63.0,2.0,25+,0,Lower monitoring concern,
2021,26.0,1.0,1,2.0,married,28.0,3.0,66.0,100.0,61.0,3.0,25+,0,Lower monitoring concern,
2021,22.0,0.0,0,2.0,married,28.0,4.0,66.0,100.0,61.0,4.0,20-24,0,Lower monitoring concern,
2021,30.0,2.0,2,6.0,married,39.0,2.0,77.0,94.0,60.0,1.0,25+,0,Lower monitoring concern,
2021,23.0,1.0,1,2.0,married,36.0,5.0,60.0,101.0,63.0,6.0,20-24,0,Lower monitoring concern,
2021,25.0,3.0,3+,4.0,married,24.0,2.0,64.0,112.0,72.0,4.0,25+,0,Lower monitoring concern,
2021,25.0,1.0,1,1.0,married,20.0,2.0,64.0,112.0,72.0,2.0,25+,0,Lower monitoring concern,
2021,23.0,2.0,2,3.0,married,28.0,2.0,64.0,112.0,72.0,2.0,20-24,0,Lower monitoring concern,
2021,31.0,3.0,3+,4.0,married,28.0,1.0,75.0,118.0,75.0,0.0,25+,1,Lower monitoring concern,Low recorded ANC visits
2021,24.0,0.0,0,1.0,married,16.0,1.0,48.0,94.0,61.0,0.0,20-24,1,Lower monitoring concern,Low recorded ANC visits
2021,24.0,0.0,0,1.0,married,36.0,2.0,56.0,100.0,60.0,1.0,20-24,0,Lower monitoring concern,
2021,31.0,0.0,0,1.0,married,28.0,4.0,56.0,100.0,60.0,5.0,25+,0,Lower monitoring concern,
2021,29.0,3.0,3+,4.0,married,28.0,1.0,58.0,90.0,56.0,1.0,25+,1,Lower monitoring concern,Low recorded ANC visits
2021,29.0,0.0,0,1.0,married,24.0,1.0,73.5,102.0,70.0,1.0,25+,1,Lower monitoring concern,Low recorded ANC visits
2021,27.0,0.0,0,1.0,married,28.0,3.0,70.0,110.0,70.0,3.0,25+,0,Lower monitoring concern,
2021,34.0,2.0,2,3.0,married,16.0,2.0,77.5,122.0,70.0,2.0,25+,0,Lower monitoring concern,
2021,24.0,0.0,0,1.0,married,34.0,2.0,80.0,122.0,80.0,2.0,20-24,0,Lower monitoring concern,
2021,28.0,1.0,1,2.0,married,36.0,6.0,62.5,120.0,70.0,6.0,25+,0,Lower monitoring concern,
2021,23.0,2.0,2,3.0,married,28.0,6.0,73.0,116.0,70.0,6.0,20-24,0,Lower monitoring concern,
2021,22.0,2.0,2,3.0,married,16.0,1.0,72.0,136.0,70.0,1.0,20-24,1,Lower monitoring concern,Low recorded ANC visits
2021,29.0,0.0,0,1.0,married,28.0,3.0,64.0,105.0,64.0,1.0,25+,0,Lower monitoring concern,
2021,27.0,1.0,1,3.0,married,20.0,4.0,74.0,120.0,74.0,2.0,25+,0,Lower monitoring concern,
2021,37.0,6.0,3+,9.0,married,37.0,2.0,73.0,117.0,86.0,2.0,25+,2,Moderate monitoring concern,Age 35 or above; High parity
2021,31.0,1.0,1,2.0,married,31.0,3.0,56.0,125.0,68.0,3.0,25+,0,Lower monitoring concern,
2021,25.0,1.0,1,2.0,married,24.0,2.0,48.0,105.0,70.0,3.0,25+,0,Lower monitoring concern,
2021,27.0,1.0,1,3.0,married,28.0,1.0,75.0,107.0,68.0,4.0,25+,1,Lower monitoring concern,Low recorded ANC visits
2021,24.0,0.0,0,1.0,married,26.0,3.0,80.0,125.0,66.0,4.0,20-24,0,Lower monitoring concern,
2021,34.0,2.0,2,4.0,married,24.0,2.0,74.0,96.0,60.0,1.0,25+,0,Lower monitoring concern,
2021,35.0,6.0,3+,7.0,married,30.0,2.0,59.0,114.0,70.0,2.0,25+,2,Moderate monitoring concern,Age 35 or above; High parity
2021,21.0,1.0,1,2.0,married,24.0,3.0,100.5,127.0,81.0,2.0,20-24,0,Lower monitoring concern,
2021,20.0,0.0,0,1.0,married,30.0,3.0,80.0,123.0,80.0,3.0,20-24,0,Lower monitoring concern,
2021,35.0,6.0,3+,7.0,married,28.0,1.0,57.0,127.0,86.0,1.0,25+,3,Moderate monitoring concern,Age 35 or above; High parity; Low recorded ANC visits
2021,27.0,3.0,3+,4.0,married,23.0,1.0,85.5,128.0,85.0,1.0,25+,1,Lower monitoring concern,Low recorded ANC visits
2021,36.0,2.0,2,3.0,married,36.0,1.0,50.5,121.0,71.0,1.0,25+,2,Moderate monitoring concern,Age 35 or above; Low recorded ANC visits
2021,36.0,1.0,1,2.0,married,26.0,1.0,55.0,114.0,70.0,1.0,25+,2,Moderate monitoring concern,Age 35 or above; Low recorded ANC visits
2021,24.0,0.0,0,1.0,married,26.0,1.0,60.0,115.0,70.0,1.0,20-24,1,Lower monitoring concern,Low recorded ANC visits
2021,24.0,0.0,0,1.0,married,30.0,3.0,68.0,108.0,68.0,3.0,20-24,0,Lower monitoring concern,
2021,30.0,2.0,2,3.0,married,20.0,3.0,80.5,120.0,68.0,2.0,25+,0,Lower monitoring concern,
2021,24.0,0.0,0,1.0,married,38.0,5.0,62.2,120.0,68.0,3.0,20-24,0,Lower monitoring concern,
2021,32.0,0.0,0,1.0,married,27.0,4.0,60.0,100.0,60.0,4.0,25+,0,Lower monitoring concern,
2021,23.0,3.0,3+,4.0,married,26.0,1.0,57.5,100.0,61.0,1.0,20-24,1,Lower monitoring concern,Low recorded ANC visits
2021,22.0,2.0,2,3.0,married,36.0,1.0,72.0,136.0,70.0,4.0,20-24,1,Lower monitoring concern,Low recorded ANC visits
2021,30.0,2.0,2,3.0,married,26.0,1.0,87.0,120.0,71.0,1.0,25+,1,Lower monitoring concern,Low recorded ANC visits
2021,31.0,2.0,2,3.0,married,26.0,4.0,63.0,110.0,63.0,4.0,25+,0,Lower monitoring concern,
2021,29.0,2.0,2,4.0,married,20.0,5.0,63.0,110.0,70.0,2.0,25+,0,Lower monitoring concern,
2021,32.0,3.0,3+,4.0,married,28.0,3.0,69.0,114.0,84.0,5.0,25+,0,Lower monitoring concern,
2021,27.0,0.0,0,1.0,married,28.0,1.0,55.5,128.0,69.0,1.0,25+,1,Lower monitoring concern,Low recorded ANC visits
2021,21.0,1.0,1,2.0,married,36.0,1.0,52.5,112.0,60.0,3.0,20-24,1,Lower monitoring concern,Low recorded ANC visits
2021,33.0,1.0,1,2.0,married,33.0,1.0,57.5,114.0,63.0,2.0,25+,1,Lower monitoring concern,Low recorded ANC visits
2021,23.0,1.0,1,2.0,married,12.0,1.0,63.5,118.0,78.0,3.0,20-24,1,Lower monitoring concern,Low recorded ANC visits
2021,30.0,3.0,3+,5.0,married,24.0,1.0,50.5,112.0,61.0,3.0,25+,1,Lower monitoring concern,Low recorded ANC visits
2021,22.0,1.0,1,2.0,married,22.0,1.0,62.5,114.0,70.0,3.0,20-24,1,Lower monitoring concern,Low recorded ANC visits
2021,24.0,7.0,3+,8.0,married,22.0,1.0,62.5,114.0,70.0,1.0,20-24,2,Moderate monitoring concern,High parity; Low recorded ANC visits
2021,29.0,2.0,2,3.0,married,26.0,3.0,69.5,116.0,70.0,3.0,25+,0,Lower monitoring concern,
2021,35.0,0.0,0,1.0,married,36.0,7.0,97.5,107.0,71.0,1.0,25+,1,Lower monitoring concern,Age 35 or above
2021,30.0,6.0,3+,9.0,married,28.0,3.0,74.0,122.0,68.0,3.0,25+,1,Lower monitoring concern,High parity
2021,35.0,2.0,2,3.0,married,26.0,2.0,51.5,99.0,53.0,2.0,25+,1,Lower monitoring concern,Age 35 or above
2021,29.0,2.0,2,3.0,married,26.0,2.0,50.0,115.0,58.0,2.0,25+,0,Lower monitoring concern,
2021,33.0,0.0,0,1.0,married,16.0,2.0,79.0,110.0,60.0,4.0,25+,0,Lower monitoring concern,
2021,37.0,0.0,0,1.0,married,36.0,5.0,79.0,132.0,61.0,2.0,25+,1,Lower monitoring concern,Age 35 or above
2021,18.0,0.0,0,1.0,married,22.0,3.0,87.0,122.0,61.0,3.0,<20,1,Lower monitoring concern,Age below 20
2021,27.0,3.0,3+,4.0,married,40.0,1.0,69.0,112.0,66.0,1.0,25+,1,Lower monitoring concern,Low recorded ANC visits
2021,25.0,0.0,0,1.0,married,36.0,3.0,74.0,112.0,66.0,5.0,25+,0,Lower monitoring concern,
2021,28.0,1.0,1,2.0,married,26.0,5.0,74.0,112.0,66.0,3.0,25+,0,Lower monitoring concern,
2021,30.0,3.0,3+,4.0,married,36.0,4.0,53.5,97.0,53.0,4.0,25+,0,Lower monitoring concern,
2021,24.0,0.0,0,1.0,married,36.0,2.0,46.5,128.0,46.0,2.0,20-24,0,Lower monitoring concern,
2021,30.0,3.0,3+,5.0,married,36.0,5.0,60.0,120.0,60.0,5.0,25+,0,Lower monitoring concern,
2021,27.0,3.0,3+,5.0,married,26.0,3.0,51.0,113.0,51.0,3.0,25+,0,Lower monitoring concern,
2021,33.0,2.0,2,3.0,married,39.0,2.0,68.0,115.0,68.0,2.0,25+,0,Lower monitoring concern,
2021,25.0,1.0,1,2.0,married,28.0,4.0,81.0,133.0,81.0,4.0,25+,0,Lower monitoring concern,
2021,28.0,0.0,0,2.0,married,39.0,3.0,87.0,128.0,87.0,3.0,25+,0,Lower monitoring concern,
2021,40.0,3.0,3+,5.0,married,24.0,4.0,104.0,124.0,104.0,4.0,25+,3,Moderate monitoring concern,Age 35 or above; Elevated diastolic BP
2021,24.0,1.0,1,2.0,married,39.0,1.0,61.5,108.0,61.0,1.0,20-24,1,Lower monitoring concern,Low recorded ANC visits
2021,28.0,0.0,0,1.0,married,36.0,4.0,82.5,123.0,82.0,4.0,25+,0,Lower monitoring concern,
2021,23.0,1.0,1,2.0,married,35.0,2.0,61.5,106.0,61.0,2.0,20-24,0,Lower monitoring concern,
2021,27.0,3.0,3+,4.0,married,24.0,1.0,87.5,124.0,87.0,1.0,25+,1,Lower monitoring concern,Low recorded ANC visits
2021,30.0,0.0,0,1.0,married,36.0,2.0,103.0,120.0,103.0,0.0,25+,2,Moderate monitoring concern,Elevated diastolic BP
2021,17.0,0.0,0,1.0,divorced,24.0,1.0,57.0,120.0,57.0,1.0,<20,2,Moderate monitoring concern,Age below 20; Low recorded ANC visits
2021,22.0,0.0,0,1.0,divorced,24.0,1.0,41.5,119.0,41.0,2.0,20-24,1,Lower monitoring concern,Low recorded ANC visits
2021,38.0,2.0,2,3.0,married,32.0,4.0,64.0,101.0,64.0,4.0,25+,1,Lower monitoring concern,Age 35 or above
2021,35.0,4.0,3+,7.0,married,36.0,4.0,50.0,91.0,50.0,4.0,25+,2,Moderate monitoring concern,Age 35 or above; High parity
2021,29.0,0.0,0,3.0,married,39.0,1.0,87.0,121.0,87.0,1.0,25+,1,Lower monitoring concern,Low recorded ANC visits
2021,24.0,0.0,0,1.0,married,24.0,4.0,58.5,96.0,58.0,4.0,20-24,0,Lower monitoring concern,
2021,28.0,1.0,1,4.0,married,36.0,1.0,60.0,115.0,60.0,1.0,25+,1,Lower monitoring concern,Low recorded ANC visits
2021,35.0,2.0,2,6.0,married,32.0,2.0,47.0,124.0,47.0,2.0,25+,1,Lower monitoring concern,Age 35 or above
2021,25.0,2.0,2,3.0,married,25.0,4.0,108.5,128.0,108.0,3.0,25+,2,Moderate monitoring concern,Elevated diastolic BP
2021,33.0,2.0,2,3.0,married,30.0,7.0,59.0,122.0,76.0,7.0,25+,0,Lower monitoring concern,
2021,27.0,0.0,0,1.0,single,30.0,6.0,98.0,149.0,81.0,1.0,25+,2,Moderate monitoring concern,Elevated systolic BP
2021,35.0,2.0,2,3.0,married,24.0,1.0,73.0,112.0,73.0,1.0,25+,2,Moderate monitoring concern,Age 35 or above; Low recorded ANC visits
2021,20.0,0.0,0,1.0,married,30.0,3.0,64.0,112.0,64.0,3.0,20-24,0,Lower monitoring concern,
2021,20.0,0.0,0,1.0,married,34.0,6.0,59.0,99.0,66.0,4.0,20-24,0,Lower monitoring concern,
2021,20.0,0.0,0,1.0,married,36.0,2.0,52.5,99.0,62.0,3.0,20-24,0,Lower monitoring concern,
2021,26.0,0.0,0,1.0,married,26.0,4.0,67.5,128.0,70.0,4.0,25+,0,Lower monitoring concern,
2021,35.0,4.0,3+,5.0,married,36.0,2.0,70.0,100.0,61.0,2.0,25+,2,Moderate monitoring concern,Age 35 or above; High parity
2021,30.0,3.0,3+,4.0,married,29.0,2.0,106.0,111.0,53.0,2.0,25+,0,Lower monitoring concern,
2021,24.0,0.0,0,1.0,married,28.0,2.0,46.0,111.0,61.0,2.0,20-24,0,Lower monitoring concern,
2021,28.0,3.0,3+,4.0,married,36.0,1.0,85.0,129.0,61.0,1.0,25+,1,Lower monitoring concern,Low recorded ANC visits
2021,39.0,3.0,3+,5.0,married,36.0,3.0,80.0,107.0,71.0,2.0,25+,1,Lower monitoring concern,Age 35 or above
2021,38.0,1.0,1,2.0,married,31.0,5.0,78.5,124.0,71.0,1.0,25+,1,Lower monitoring concern,Age 35 or above
2021,21.0,2.0,2,4.0,married,29.0,2.0,61.0,108.0,61.0,2.0,20-24,0,Lower monitoring concern,
2021,20.0,1.0,1,2.0,married,32.0,2.0,70.0,112.0,62.0,2.0,20-24,0,Lower monitoring concern,
2021,23.0,2.0,2,3.0,married,36.0,4.0,62.0,110.0,60.0,2.0,20-24,0,Lower monitoring concern,
2021,31.0,2.0,2,3.0,married,24.0,2.0,81.3,123.0,77.0,1.0,25+,0,Lower monitoring concern,
2021,29.0,1.0,1,2.0,married,20.0,1.0,61.0,108.0,61.0,1.0,25+,1,Lower monitoring concern,Low recorded ANC visits
2021,22.0,2.0,2,4.0,married,34.0,1.0,62.0,112.0,60.0,1.0,20-24,1,Lower monitoring concern,Low recorded ANC visits
2021,41.0,5.0,3+,6.0,married,34.0,4.0,62.5,112.0,60.0,3.0,25+,2,Moderate monitoring concern,Age 35 or above; High parity
2021,28.0,1.0,1,2.0,married,29.0,4.0,70.0,108.0,62.0,4.0,25+,0,Lower monitoring concern,
2021,32.0,5.0,3+,7.0,married,27.0,2.0,72.0,112.0,70.0,4.0,25+,1,Lower monitoring concern,High parity
2021,40.0,3.0,3+,4.0,married,28.0,1.0,54.5,108.0,72.0,5.0,25+,2,Moderate monitoring concern,Age 35 or above; Low recorded ANC visits
2021,37.0,0.0,0,1.0,married,28.0,2.0,48.0,105.0,65.0,2.0,25+,1,Lower monitoring concern,Age 35 or above
2021,24.0,0.0,0,1.0,married,37.0,7.0,56.0,125.0,76.0,7.0,20-24,0,Lower monitoring concern,
2021,22.0,0.0,0,1.0,married,39.0,7.0,92.0,118.0,70.0,1.0,20-24,0,Lower monitoring concern,
2021,35.0,0.0,0,1.0,married,32.0,2.0,58.0,123.0,77.0,1.0,25+,1,Lower monitoring concern,Age 35 or above
2021,27.0,0.0,0,1.0,married,30.0,4.0,65.0,121.0,71.0,2.0,25+,0,Lower monitoring concern,
2021,27.0,3.0,3+,4.0,married,31.0,3.0,7.0,120.0,70.0,3.0,25+,0,Lower monitoring concern,Weight requires verification
2021,28.0,3.0,3+,4.0,married,32.0,4.0,81.0,121.0,81.0,4.0,25+,0,Lower monitoring concern,
2021,30.0,0.0,0,1.0,married,32.0,3.0,72.5,108.0,72.0,3.0,25+,0,Lower monitoring concern,
2021,30.0,4.0,3+,5.0,married,27.0,3.0,100.5,109.0,67.0,3.0,25+,1,Lower monitoring concern,High parity
2021,37.0,3.0,3+,6.0,married,37.0,4.0,65.0,119.0,58.0,4.0,25+,1,Lower monitoring concern,Age 35 or above
2021,37.0,3.0,3+,5.0,married,29.0,1.0,95.0,140.0,70.0,1.0,25+,4,Higher monitoring concern,Age 35 or above; Elevated systolic BP; Low recorded ANC visits
2021,27.0,1.0,1,2.0,married,27.0,5.0,65.0,119.0,70.0,5.0,25+,0,Lower monitoring concern,
2021,27.0,0.0,0,1.0,married,24.0,2.0,60.0,118.0,60.0,2.0,25+,0,Lower monitoring concern,
2021,27.0,1.0,1,2.0,married,36.0,5.0,58.0,146.0,60.0,5.0,25+,2,Moderate monitoring concern,Elevated systolic BP
2021,20.0,1.0,1,2.0,married,29.0,4.0,55.0,108.0,62.0,4.0,20-24,0,Lower monitoring concern,
2021,29.0,1.0,1,2.0,single,22.0,4.0,48.0,108.0,72.0,4.0,25+,0,Lower monitoring concern,
2021,38.0,0.0,0,1.0,married,29.0,4.0,71.0,119.0,66.0,1.0,25+,1,Lower monitoring concern,Age 35 or above
2021,29.0,0.0,0,1.0,married,35.0,4.0,69.5,106.0,64.0,4.0,25+,0,Lower monitoring concern,
2021,29.0,2.0,2,3.0,married,32.0,2.0,74.0,123.0,74.0,2.0,25+,0,Lower monitoring concern,
2021,24.0,0.0,0,1.0,married,20.0,1.0,60.0,113.0,70.0,1.0,20-24,1,Lower monitoring concern,Low recorded ANC visits
2021,22.0,1.0,1,2.0,married,37.0,3.0,51.6,119.0,73.0,3.0,20-24,0,Lower monitoring concern,
2021,40.0,0.0,0,1.0,married,28.0,1.0,82.5,128.0,76.0,5.0,25+,2,Moderate monitoring concern,Age 35 or above; Low recorded ANC visits
2021,37.0,2.0,2,3.0,married,28.0,2.0,48.0,128.0,65.0,2.0,25+,1,Lower monitoring concern,Age 35 or above
2021,22.0,1.0,1,2.0,married,37.0,7.0,56.0,120.0,70.0,7.0,20-24,0,Lower monitoring concern,
2021,22.0,0.0,0,1.0,married,39.0,7.0,92.0,120.0,70.0,1.0,20-24,0,Lower monitoring concern,
2021,35.0,1.0,1,2.0,married,32.0,2.0,58.0,118.0,75.0,1.0,25+,1,Lower monitoring concern,Age 35 or above
2021,23.0,2.0,2,3.0,married,30.0,4.0,65.0,121.0,71.0,2.0,20-24,0,Lower monitoring concern,
2021,27.0,0.0,0,1.0,married,31.0,3.0,7.0,120.0,70.0,3.0,25+,0,Lower monitoring concern,Weight requires verification
2021,28.0,1.0,1,2.0,married,32.0,4.0,81.0,121.0,81.0,4.0,25+,0,Lower monitoring concern,
2021,30.0,1.0,1,2.0,married,32.0,3.0,72.5,108.0,72.0,3.0,25+,0,Lower monitoring concern,
2021,30.0,2.0,2,3.0,married,27.0,3.0,100.5,109.0,67.0,3.0,25+,0,Lower monitoring concern,
2021,37.0,2.0,2,3.0,married,37.0,4.0,65.0,119.0,58.0,4.0,25+,1,Lower monitoring concern,Age 35 or above
2021,37.0,0.0,0,1.0,married,29.0,1.0,95.0,140.0,75.0,1.0,25+,4,Higher monitoring concern,Age 35 or above; Elevated systolic BP; Low recorded ANC visits
2021,27.0,0.0,0,2.0,married,27.0,5.0,65.0,119.0,70.0,5.0,25+,0,Lower monitoring concern,
2021,27.0,1.0,1,2.0,married,24.0,2.0,60.0,118.0,60.0,2.0,25+,0,Lower monitoring concern,
2021,27.0,3.0,3+,4.0,married,36.0,5.0,58.0,146.0,60.0,5.0,25+,2,Moderate monitoring concern,Elevated systolic BP
2021,20.0,1.0,1,2.0,married,29.0,4.0,55.0,108.0,62.0,4.0,20-24,0,Lower monitoring concern,
2021,29.0,4.0,3+,5.0,single,22.0,4.0,48.0,108.0,72.0,4.0,25+,1,Lower monitoring concern,High parity
2021,38.0,1.0,1,2.0,married,29.0,4.0,71.0,119.0,66.0,1.0,25+,1,Lower monitoring concern,Age 35 or above
2021,29.0,1.0,1,1.0,married,35.0,4.0,69.5,106.0,64.0,4.0,25+,0,Lower monitoring concern,
2021,29.0,0.0,0,1.0,married,32.0,2.0,74.0,123.0,74.0,2.0,25+,0,Lower monitoring concern,
2021,24.0,0.0,0,1.0,married,20.0,1.0,60.0,113.0,70.0,1.0,20-24,1,Lower monitoring concern,Low recorded ANC visits
2021,22.0,0.0,0,1.0,married,37.0,3.0,51.6,119.0,73.0,3.0,20-24,0,Lower monitoring concern,
2021,24.0,0.0,0,1.0,married,27.0,3.0,86.0,104.0,64.0,3.0,20-24,0,Lower monitoring concern,
2021,20.0,0.0,0,1.0,married,26.0,3.0,69.0,119.0,62.0,3.0,20-24,0,Lower monitoring concern,
2021,30.0,0.0,0,1.0,married,36.0,3.0,103.0,103.0,67.0,3.0,25+,0,Lower monitoring concern,
2021,27.0,0.0,0,1.0,married,32.0,6.0,106.0,118.0,71.0,5.0,25+,0,Lower monitoring concern,
2021,31.0,0.0,0,1.0,married,26.0,1.0,75.0,116.0,60.0,1.0,25+,1,Lower monitoring concern,Low recorded ANC visits
2021,32.0,1.0,1,2.0,married,30.0,5.0,58.0,111.0,64.0,3.0,25+,0,Lower monitoring concern,
2021,21.0,3.0,3+,4.0,single,24.0,3.0,57.0,86.0,54.0,3.0,20-24,0,Lower monitoring concern,
2021,20.0,5.0,3+,6.0,single,22.0,3.0,50.0,116.0,58.0,3.0,20-24,1,Lower monitoring concern,High parity
2021,27.0,0.0,0,1.0,single,37.0,2.0,56.0,98.0,60.0,1.0,25+,0,Lower monitoring concern,
2021,32.0,0.0,0,1.0,married,28.0,6.0,70.0,148.0,78.0,6.0,25+,2,Moderate monitoring concern,Elevated systolic BP
2021,22.0,3.0,3+,4.0,married,36.0,1.0,85.0,110.0,80.0,3.0,20-24,1,Lower monitoring concern,Low recorded ANC visits
2021,30.0,0.0,0,1.0,married,25.0,3.0,58.0,122.0,84.0,2.0,25+,0,Lower monitoring concern,
2021,24.0,0.0,0,1.0,married,28.0,2.0,75.0,109.0,70.0,2.0,20-24,0,Lower monitoring concern,
2021,31.0,2.0,2,4.0,married,29.0,2.0,54.0,102.0,60.0,2.0,25+,0,Lower monitoring concern,
2021,23.0,0.0,0,1.0,married,27.0,2.0,86.0,126.0,72.0,2.0,20-24,0,Lower monitoring concern,
2021,25.0,0.0,0,3.0,married,30.0,5.0,82.0,118.0,84.0,5.0,25+,0,Lower monitoring concern,
2021,31.0,0.0,0,1.0,married,36.0,2.0,67.0,104.0,86.0,2.0,25+,0,Lower monitoring concern,
2021,27.0,4.0,3+,7.0,married,36.0,2.0,55.0,100.0,71.0,2.0,25+,1,Lower monitoring concern,High parity
2021,33.0,1.0,1,2.0,married,30.0,5.0,74.0,109.0,71.0,5.0,25+,0,Lower monitoring concern,
2021,25.0,0.0,0,1.0,married,34.0,2.0,68.0,118.0,78.0,2.0,25+,0,Lower monitoring concern,
2021,35.0,1.0,1,3.0,married,28.0,2.0,69.0,120.0,80.0,2.0,25+,1,Lower monitoring concern,Age 35 or above
2021,35.0,0.0,0,1.0,married,28.0,2.0,65.0,120.0,80.0,3.0,25+,1,Lower monitoring concern,Age 35 or above
2021,27.0,5.0,3+,7.0,married,36.0,2.0,66.0,120.0,60.0,2.0,25+,1,Lower monitoring concern,High parity
2021,34.0,2.0,2,3.0,married,28.0,3.0,60.0,120.0,60.0,2.0,25+,0,Lower monitoring concern,
2021,25.0,1.0,1,2.0,married,26.0,2.0,51.0,98.0,64.0,2.0,25+,0,Lower monitoring concern,
2021,32.0,3.0,3+,4.0,married,30.0,2.0,80.0,102.0,69.0,2.0,25+,0,Lower monitoring concern,
2021,31.0,0.0,0,1.0,married,31.0,2.0,78.0,110.0,68.0,2.0,25+,0,Lower monitoring concern,
2021,36.0,0.0,0,1.0,married,32.0,2.0,77.5,116.0,58.0,2.0,25+,1,Lower monitoring concern,Age 35 or above
2021,24.0,2.0,2,3.0,married,26.0,2.0,44.0,110.0,71.0,2.0,20-24,0,Lower monitoring concern,
2021,27.0,0.0,0,2.0,married,22.0,2.0,57.5,100.0,66.0,2.0,25+,0,Lower monitoring concern,
2021,32.0,0.0,0,1.0,married,26.0,1.0,68.5,104.0,70.0,1.0,25+,1,Lower monitoring concern,Low recorded ANC visits
2021,20.0,0.0,0,1.0,married,38.0,1.0,71.0,127.0,78.0,1.0,20-24,1,Lower monitoring concern,Low recorded ANC visits
2021,21.0,0.0,0,1.0,married,26.0,3.0,65.0,110.0,70.0,3.0,20-24,0,Lower monitoring concern,
2021,33.0,0.0,0,1.0,married,26.0,2.0,73.0,112.0,55.0,2.0,25+,0,Lower monitoring concern,
2021,23.0,0.0,0,1.0,married,34.0,4.0,73.5,121.0,61.0,4.0,20-24,0,Lower monitoring concern,
2021,33.0,1.0,1,2.0,married,26.0,3.0,80.0,119.0,66.0,3.0,25+,0,Lower monitoring concern,
2021,30.0,0.0,0,1.0,single,36.0,2.0,80.0,111.0,63.0,2.0,25+,0,Lower monitoring concern,
2021,31.0,0.0,0,1.0,married,30.0,3.0,8.3,116.0,64.0,3.0,25+,0,Lower monitoring concern,Weight requires verification
2021,24.0,3.0,3+,4.0,married,26.0,3.0,74.0,134.0,79.0,3.0,20-24,0,Lower monitoring concern,
2021,27.0,1.0,1,2.0,single,24.0,4.0,68.5,126.0,69.0,4.0,25+,0,Lower monitoring concern,
2021,22.0,2.0,2,3.0,single,28.0,3.0,55.0,104.0,55.0,3.0,20-24,0,Lower monitoring concern,
2021,24.0,1.0,1,2.0,married,30.0,5.0,66.5,105.0,68.0,5.0,20-24,0,Lower monitoring concern,
2021,23.0,0.0,0,1.0,married,32.0,3.0,76.0,120.0,70.0,3.0,20-24,0,Lower monitoring concern,
2021,45.0,1.0,1,2.0,married,36.0,2.0,93.0,119.0,73.0,2.0,25+,1,Lower monitoring concern,Age 35 or above
2021,19.0,0.0,0,1.0,married,26.0,3.0,86.0,105.0,78.0,3.0,<20,1,Lower monitoring concern,Age below 20
2021,24.0,0.0,0,1.0,married,26.0,2.0,46.0,108.0,70.0,2.0,20-24,0,Lower monitoring concern,
2021,39.0,1.0,1,2.0,married,20.0,3.0,65.0,117.0,68.0,5.0,25+,1,Lower monitoring concern,Age 35 or above
2021,31.0,0.0,0,1.0,married,34.0,4.0,58.5,122.0,89.0,4.0,25+,0,Lower monitoring concern,
2021,38.0,1.0,1,2.0,married,28.0,1.0,68.0,109.0,66.0,1.0,25+,2,Moderate monitoring concern,Age 35 or above; Low recorded ANC visits
2021,24.0,3.0,3+,4.0,married,28.0,1.0,73.0,123.0,72.0,1.0,20-24,1,Lower monitoring concern,Low recorded ANC visits
2021,17.0,5.0,3+,6.0,single,26.0,2.0,55.0,95.0,66.0,2.0,<20,2,Moderate monitoring concern,Age below 20; High parity
2021,34.0,0.0,0,1.0,married,29.0,3.0,80.0,111.0,75.0,3.0,25+,0,Lower monitoring concern,
2021,33.0,0.0,0,1.0,married,22.0,3.0,79.5,129.0,82.0,3.0,25+,0,Lower monitoring concern,
2021,26.0,3.0,3+,4.0,married,30.0,4.0,56.5,104.0,52.0,2.0,25+,0,Lower monitoring concern,
2021,21.0,0.0,0,1.0,married,34.0,3.0,54.0,102.0,56.0,3.0,20-24,0,Lower monitoring concern,
2021,25.0,0.0,0,1.0,married,24.0,1.0,71.2,98.0,56.0,1.0,25+,1,Lower monitoring concern,Low recorded ANC visits
2021,28.0,2.0,2,4.0,single,28.0,2.0,71.0,117.0,69.0,2.0,25+,0,Lower monitoring concern,
2021,25.0,0.0,0,1.0,married,25.0,2.0,68.0,101.0,63.0,2.0,25+,0,Lower monitoring concern,
2021,30.0,0.0,0,3.0,married,20.0,3.0,75.0,117.0,69.0,3.0,25+,0,Lower monitoring concern,
2021,23.0,0.0,0,1.0,married,30.0,3.0,56.0,127.0,61.0,3.0,20-24,0,Lower monitoring concern,
2021,33.0,4.0,3+,7.0,married,24.0,4.0,55.0,94.0,70.0,4.0,25+,1,Lower monitoring concern,High parity
2021,35.0,1.0,1,2.0,married,23.0,3.0,70.0,126.0,60.0,3.0,25+,1,Lower monitoring concern,Age 35 or above
2021,20.0,0.0,0,1.0,married,28.0,1.0,51.0,108.0,62.0,1.0,20-24,1,Lower monitoring concern,Low recorded ANC visits
2021,23.0,1.0,1,3.0,married,26.0,1.0,51.0,104.0,60.0,1.0,20-24,1,Lower monitoring concern,Low recorded ANC visits
2021,24.0,0.0,0,1.0,married,25.0,1.0,49.0,130.0,74.0,1.0,20-24,1,Lower monitoring concern,Low recorded ANC visits
2021,25.0,5.0,3+,7.0,married,24.0,2.0,49.0,102.0,68.0,2.0,25+,1,Lower monitoring concern,High parity
2021,38.0,2.0,2,3.0,married,34.0,4.0,75.3,112.0,67.0,4.0,25+,1,Lower monitoring concern,Age 35 or above
2021,19.0,1.0,1,3.0,married,28.0,2.0,51.0,115.0,69.0,2.0,<20,1,Lower monitoring concern,Age below 20
2021,26.0,0.0,0,1.0,married,24.0,5.0,56.5,127.0,76.0,5.0,25+,0,Lower monitoring concern,
2021,31.0,4.0,3+,5.0,married,28.0,3.0,58.0,113.0,61.0,3.0,25+,1,Lower monitoring concern,High parity
2021,29.0,3.0,3+,6.0,married,30.0,2.0,57.0,113.0,66.0,2.0,25+,0,Lower monitoring concern,
2021,34.0,3.0,3+,5.0,married,28.0,2.0,55.0,119.0,73.0,2.0,25+,0,Lower monitoring concern,
2021,37.0,1.0,1,2.0,married,28.0,3.0,88.0,101.0,52.0,3.0,25+,1,Lower monitoring concern,Age 35 or above
2021,24.0,0.0,0,1.0,single,28.0,3.0,65.0,113.0,64.0,3.0,20-24,0,Lower monitoring concern,
2021,27.0,1.0,1,2.0,married,24.0,1.0,69.0,179.5,67.0,1.0,25+,3,Moderate monitoring concern,Elevated systolic BP; Low recorded ANC visits
2021,37.0,1.0,1,2.0,single,28.0,6.0,65.0,161.0,89.0,3.0,25+,3,Moderate monitoring concern,Age 35 or above; Elevated systolic BP
2021,34.0,1.0,1,2.0,married,30.0,2.0,57.0,163.0,52.0,2.0,25+,2,Moderate monitoring concern,Elevated systolic BP
2021,27.0,0.0,0,1.0,married,30.0,2.0,64.0,160.0,64.0,2.0,25+,2,Moderate monitoring concern,Elevated systolic BP
2021,39.0,0.0,0,1.0,married,10.0,4.0,58.0,153.0,58.0,4.0,25+,3,Moderate monitoring concern,Age 35 or above; Elevated systolic BP
2021,35.0,2.0,2,3.0,married,14.0,1.0,63.0,156.0,68.0,1.0,25+,4,Higher monitoring concern,Age 35 or above; Elevated systolic BP; Low recorded ANC visits
2021,25.0,0.0,0,1.0,married,24.0,1.0,65.0,104.0,65.0,1.0,25+,1,Lower monitoring concern,Low recorded ANC visits
2021,23.0,1.0,1,2.0,married,24.0,2.0,75.0,149.0,75.0,2.0,20-24,2,Moderate monitoring concern,Elevated systolic BP
2021,25.0,0.0,0,1.0,married,28.0,2.0,74.0,186.0,74.5,2.0,25+,2,Moderate monitoring concern,Elevated systolic BP
2021,34.0,2.0,2,3.0,married,28.0,2.0,75.5,160.0,62.0,2.0,25+,2,Moderate monitoring concern,Elevated systolic BP
2021,34.0,1.0,1,2.0,married,18.0,2.0,66.5,120.0,70.0,2.0,25+,0,Lower monitoring concern,
2021,30.0,0.0,0,1.0,single,27.0,1.0,84.0,124.0,60.0,1.0,25+,1,Lower monitoring concern,Low recorded ANC visits
2021,28.0,1.0,1,2.0,married,26.0,1.0,77.0,113.0,71.0,1.0,25+,1,Lower monitoring concern,Low recorded ANC visits
2021,17.0,2.0,2,3.0,married,22.0,2.0,50.0,116.0,62.0,2.0,<20,1,Lower monitoring concern,Age below 20
2021,40.0,0.0,0,1.0,single,36.0,1.0,68.5,103.0,68.0,1.0,25+,2,Moderate monitoring concern,Age 35 or above; Low recorded ANC visits
2021,32.0,1.0,1,2.0,married,33.0,2.0,76.5,135.0,86.0,2.0,25+,0,Lower monitoring concern,
2021,35.0,1.0,1,2.0,married,26.0,2.0,58.0,123.0,74.0,2.0,25+,1,Lower monitoring concern,Age 35 or above
2021,40.0,2.0,2,3.0,married,24.0,5.0,102.0,113.0,66.0,2.0,25+,1,Lower monitoring concern,Age 35 or above
2021,24.0,2.0,2,3.0,married,28.0,3.0,45.0,116.0,60.0,2.0,20-24,0,Lower monitoring concern,
2021,29.0,0.0,0,1.0,married,32.0,4.0,51.0,116.0,62.0,4.0,25+,0,Lower monitoring concern,
2021,24.0,0.0,0,1.0,married,24.0,3.0,76.0,122.0,64.0,2.0,20-24,0,Lower monitoring concern,
2021,33.0,3.0,3+,4.0,married,31.0,2.0,62.0,101.0,59.0,2.0,25+,0,Lower monitoring concern,
2021,36.0,2.0,2,3.0,married,38.0,2.0,56.0,114.0,64.0,2.0,25+,1,Lower monitoring concern,Age 35 or above
2021,23.0,0.0,0,1.0,married,32.0,4.0,68.0,120.0,75.0,4.0,20-24,0,Lower monitoring concern,
2021,24.0,2.0,2,3.0,married,20.0,2.0,65.0,128.0,76.0,2.0,20-24,0,Lower monitoring concern,
2021,22.0,2.0,2,3.0,married,28.0,4.0,62.0,128.0,66.0,2.0,20-24,0,Lower monitoring concern,
2021,29.0,0.0,0,1.0,married,28.0,2.0,55.0,98.0,61.0,2.0,25+,0,Lower monitoring concern,
2021,24.0,0.0,0,1.0,married,28.0,2.0,65.0,119.0,67.0,2.0,20-24,0,Lower monitoring concern,
2021,24.0,0.0,0,1.0,married,26.0,4.0,71.0,104.0,58.0,4.0,20-24,0,Lower monitoring concern,
2021,31.0,3.0,3+,4.0,married,26.0,2.0,65.0,114.0,63.0,2.0,25+,0,Lower monitoring concern,
2021,22.0,0.0,0,1.0,married,28.0,2.0,80.0,111.0,67.0,2.0,20-24,0,Lower monitoring concern,
2021,28.0,0.0,0,1.0,married,30.0,4.0,87.5,139.0,82.0,4.0,25+,0,Lower monitoring concern,
2021,23.0,2.0,2,3.0,married,26.0,5.0,57.7,113.0,68.0,4.0,20-24,0,Lower monitoring concern,
2021,20.0,0.0,0,2.0,married,27.0,3.0,61.0,108.0,65.0,4.0,20-24,0,Lower monitoring concern,
2021,24.0,1.0,1,2.0,married,20.0,2.0,57.5,108.0,70.0,2.0,20-24,0,Lower monitoring concern,
2021,25.0,2.0,2,3.0,married,20.0,2.0,75.0,122.0,71.0,2.0,25+,0,Lower monitoring concern,
2021,25.0,0.0,0,2.0,married,28.0,2.0,56.0,124.0,82.0,4.0,25+,0,Lower monitoring concern,
2021,27.0,3.0,3+,4.0,married,26.0,2.0,69.0,108.0,66.0,2.0,25+,0,Lower monitoring concern,
2021,22.0,0.0,0,1.0,married,36.0,2.0,50.0,99.0,70.0,2.0,20-24,0,Lower monitoring concern,
2021,27.0,3.0,3+,4.0,married,38.0,2.0,,102.0,72.0,2.0,25+,0,Lower monitoring concern,
2021,24.0,1.0,1,2.0,married,28.0,2.0,82.0,123.0,79.0,2.0,20-24,0,Lower monitoring concern,
2021,25.0,0.0,0,1.0,married,26.0,2.0,42.0,114.0,74.0,2.0,25+,0,Lower monitoring concern,
2021,25.0,0.0,0,1.0,married,28.0,4.0,59.5,114.0,68.0,4.0,25+,0,Lower monitoring concern,
2021,33.0,0.0,0,1.0,married,36.0,3.0,81.0,109.0,64.0,3.0,25+,0,Lower monitoring concern,
2021,22.0,2.0,2,3.0,married,28.0,2.0,55.5,115.0,69.0,2.0,20-24,0,Lower monitoring concern,
2021,30.0,1.0,1,2.0,married,30.0,2.0,60.0,104.0,70.0,2.0,25+,0,Lower monitoring concern,
2021,32.0,0.0,0,1.0,married,20.0,2.0,61.0,100.0,70.0,2.0,25+,0,Lower monitoring concern,
2021,28.0,1.0,1,2.0,married,24.0,2.0,105.0,133.0,82.0,2.0,25+,0,Lower monitoring concern,
2021,35.0,0.0,0,1.0,married,24.0,1.0,88.0,114.0,88.0,1.0,25+,2,Moderate monitoring concern,Age 35 or above; Low recorded ANC visits
2021,23.0,1.0,1,2.0,married,24.0,1.0,54.0,115.0,60.0,1.0,20-24,1,Lower monitoring concern,Low recorded ANC visits
2021,42.0,0.0,0,1.0,married,30.0,1.0,87.0,119.0,87.0,1.0,25+,2,Moderate monitoring concern,Age 35 or above; Low recorded ANC visits
2021,37.0,0.0,0,1.0,married,36.0,5.0,79.0,110.0,62.0,4.0,25+,1,Lower monitoring concern,Age 35 or above
2021,24.0,0.0,0,1.0,married,20.0,3.0,48.0,97.0,60.0,3.0,20-24,0,Lower monitoring concern,
2021,30.0,5.0,3+,6.0,married,23.0,2.0,64.0,121.0,80.0,4.0,25+,1,Lower monitoring concern,High parity
2021,31.0,0.0,0,1.0,married,34.0,1.0,73.0,114.0,71.0,2.0,25+,1,Lower monitoring concern,Low recorded ANC visits
2021,38.0,1.0,1,2.0,married,34.0,2.0,83.0,120.0,72.0,2.0,25+,1,Lower monitoring concern,Age 35 or above
2021,30.0,0.0,0,1.0,married,36.0,5.0,76.0,114.0,88.0,3.0,25+,0,Lower monitoring concern,
2021,31.0,4.0,3+,5.0,married,36.0,1.0,66.0,112.0,72.0,1.0,25+,2,Moderate monitoring concern,High parity; Low recorded ANC visits
2021,31.0,0.0,0,1.0,married,28.0,2.0,76.0,112.0,67.0,1.0,25+,0,Lower monitoring concern,
2021,36.0,0.0,0,1.0,married,37.0,4.0,101.0,106.0,78.0,4.0,25+,1,Lower monitoring concern,Age 35 or above
2021,24.0,0.0,0,1.0,married,36.0,4.0,88.0,112.0,66.0,4.0,20-24,0,Lower monitoring concern,
2021,29.0,0.0,0,1.0,married,29.0,3.0,59.0,102.0,85.0,3.0,25+,0,Lower monitoring concern,
2021,37.0,6.0,3+,7.0,married,27.0,2.0,95.0,142.0,85.0,2.0,25+,4,Higher monitoring concern,Age 35 or above; Elevated systolic BP; High parity
2021,23.0,2.0,2,3.0,married,39.0,6.0,67.0,118.0,78.0,6.0,20-24,0,Lower monitoring concern,
2021,26.0,0.0,0,1.0,married,36.0,4.0,74.0,126.0,94.0,4.0,25+,2,Moderate monitoring concern,Elevated diastolic BP
2021,26.0,0.0,0,1.0,married,36.0,5.0,69.0,122.0,80.0,5.0,25+,0,Lower monitoring concern,
2021,32.0,2.0,2,3.0,married,30.0,3.0,82.0,134.0,78.0,3.0,25+,0,Lower monitoring concern,
2021,27.0,0.0,0,1.0,married,29.0,3.0,59.5,122.0,81.0,2.0,25+,0,Lower monitoring concern,
2021,33.0,0.0,0,1.0,married,28.0,2.0,78.0,135.0,81.0,2.0,25+,0,Lower monitoring concern,
2021,26.0,1.0,1,2.0,married,29.0,4.0,76.0,138.0,66.0,4.0,25+,0,Lower monitoring concern,
2021,22.0,3.0,3+,4.0,married,29.0,2.0,62.0,117.0,62.0,2.0,20-24,0,Lower monitoring concern,
2021,32.0,0.0,0,1.0,married,24.0,2.0,69.0,108.0,62.0,2.0,25+,0,Lower monitoring concern,
2021,31.0,0.0,0,1.0,married,36.0,3.0,77.0,127.0,82.0,3.0,25+,0,Lower monitoring concern,
2021,36.0,2.0,2,3.0,married,24.0,4.0,90.0,142.0,81.0,4.0,25+,3,Moderate monitoring concern,Age 35 or above; Elevated systolic BP
2021,31.0,0.0,0,2.0,married,24.0,5.0,70.0,117.0,64.0,5.0,25+,0,Lower monitoring concern,
2021,29.0,0.0,0,1.0,married,37.0,3.0,75.0,112.0,65.0,3.0,25+,0,Lower monitoring concern,
2021,27.0,0.0,0,1.0,single,28.0,4.0,59.0,104.0,70.0,4.0,25+,0,Lower monitoring concern,
2021,30.0,0.0,0,1.0,married,20.0,2.0,73.0,118.0,70.0,2.0,25+,0,Lower monitoring concern,
2021,27.0,0.0,0,1.0,married,32.0,3.0,61.0,112.0,67.0,3.0,25+,0,Lower monitoring concern,
2021,24.0,0.0,0,1.0,married,28.0,4.0,69.0,125.0,66.0,4.0,20-24,0,Lower monitoring concern,
2021,20.0,1.0,1,2.0,married,28.0,1.0,57.0,100.0,58.0,1.0,20-24,1,Lower monitoring concern,Low recorded ANC visits
2021,24.0,0.0,0,1.0,married,28.0,2.0,85.0,105.0,68.0,2.0,20-24,0,Lower monitoring concern,
2021,35.0,0.0,0,1.0,married,34.0,3.0,85.0,121.0,69.0,3.0,25+,1,Lower monitoring concern,Age 35 or above
2021,18.0,3.0,3+,4.0,married,28.0,1.0,64.0,107.0,58.0,3.0,<20,2,Moderate monitoring concern,Age below 20; Low recorded ANC visits
2021,21.0,1.0,1,2.0,married,30.0,3.0,55.0,107.0,57.0,4.0,20-24,0,Lower monitoring concern,
2021,33.0,2.0,2,3.0,married,30.0,4.0,85.0,120.0,60.0,3.0,25+,0,Lower monitoring concern,
2021,29.0,1.0,1,2.0,married,28.0,3.0,50.0,105.0,65.0,2.0,25+,0,Lower monitoring concern,
2021,32.0,0.0,0,1.0,married,37.0,5.0,65.0,102.0,60.0,5.0,25+,0,Lower monitoring concern,
2021,29.0,1.0,1,2.0,married,24.0,3.0,62.0,100.0,60.0,2.0,25+,0,Lower monitoring concern,
2021,26.0,4.0,3+,5.0,married,22.0,2.0,56.0,94.0,60.0,2.0,25+,1,Lower monitoring concern,High parity
2021,26.0,0.0,0,1.0,married,34.0,6.0,70.0,103.0,64.0,6.0,25+,0,Lower monitoring concern,
2021,25.0,0.0,0,1.0,married,28.0,3.0,84.0,118.0,78.0,3.0,25+,0,Lower monitoring concern,
2021,33.0,0.0,0,1.0,married,28.0,3.0,75.0,99.0,60.0,3.0,25+,0,Lower monitoring concern,
2021,20.0,1.0,1,4.0,married,28.0,2.0,60.0,138.0,81.0,2.0,20-24,0,Lower monitoring concern,
2021,21.0,0.0,0,1.0,married,28.0,3.0,68.0,100.0,60.0,3.0,20-24,0,Lower monitoring concern,
2021,27.0,2.0,2,3.0,married,34.0,4.0,59.0,109.0,71.0,4.0,25+,0,Lower monitoring concern,
2021,17.0,2.0,2,3.0,married,37.0,3.0,58.0,98.0,60.0,3.0,<20,1,Lower monitoring concern,Age below 20
2021,26.0,0.0,0,1.0,married,28.0,2.0,70.0,112.0,72.0,3.0,25+,0,Lower monitoring concern,
2021,21.0,3.0,3+,4.0,single,30.0,5.0,74.0,100.0,71.0,4.0,20-24,0,Lower monitoring concern,
2021,22.0,2.0,2,3.0,married,24.0,2.0,72.0,109.0,68.0,2.0,20-24,0,Lower monitoring concern,
2021,22.0,0.0,0,1.0,married,28.0,3.0,53.0,119.0,76.0,3.0,20-24,0,Lower monitoring concern,
2021,22.0,2.0,2,3.0,married,22.0,3.0,62.0,111.0,68.0,3.0,20-24,0,Lower monitoring concern,
2021,35.0,2.0,2,3.0,married,36.0,3.0,58.0,102.0,68.0,3.0,25+,1,Lower monitoring concern,Age 35 or above
2021,33.0,0.0,0,1.0,married,32.0,4.0,86.0,112.0,70.0,4.0,25+,0,Lower monitoring concern,
2021,21.0,0.0,0,1.0,married,32.0,1.0,73.0,112.0,81.0,1.0,20-24,1,Lower monitoring concern,Low recorded ANC visits
2021,27.0,0.0,0,1.0,married,28.0,1.0,59.0,100.0,63.0,1.0,25+,1,Lower monitoring concern,Low recorded ANC visits
2021,24.0,3.0,3+,4.0,married,32.0,2.0,77.0,119.0,63.0,2.0,20-24,0,Lower monitoring concern,
2021,21.0,0.0,0,1.0,married,26.0,3.0,77.5,110.0,62.0,3.0,20-24,0,Lower monitoring concern,
2021,38.0,0.0,0,1.0,married,32.0,1.0,80.2,108.0,62.0,1.0,25+,2,Moderate monitoring concern,Age 35 or above; Low recorded ANC visits
2021,20.0,2.0,2,3.0,married,28.0,1.0,88.0,110.0,70.0,1.0,20-24,1,Lower monitoring concern,Low recorded ANC visits
2021,25.0,0.0,0,2.0,married,28.0,3.0,77.0,114.0,77.0,3.0,25+,0,Lower monitoring concern,
2021,27.0,1.0,1,2.0,married,28.0,3.0,60.0,113.0,60.0,3.0,25+,0,Lower monitoring concern,
2021,30.0,2.0,2,3.0,married,18.0,1.0,51.0,93.0,68.0,1.0,25+,1,Lower monitoring concern,Low recorded ANC visits
2021,34.0,0.0,0,2.0,married,37.0,4.0,81.0,120.0,81.0,4.0,25+,0,Lower monitoring concern,
2021,31.0,3.0,3+,4.0,married,37.0,4.0,85.0,106.0,68.0,4.0,25+,0,Lower monitoring concern,
2021,21.0,0.0,0,1.0,married,34.0,2.0,67.0,106.0,58.0,2.0,20-24,0,Lower monitoring concern,
2021,25.0,3.0,3+,4.0,married,26.0,4.0,50.0,122.0,80.0,4.0,25+,0,Lower monitoring concern,
2021,24.0,1.0,1,2.0,married,28.0,3.0,86.0,115.0,82.0,3.0,20-24,0,Lower monitoring concern,
2021,26.0,0.0,0,1.0,married,28.0,2.0,80.0,118.0,80.0,3.0,25+,0,Lower monitoring concern,
2021,32.0,0.0,0,1.0,married,34.0,2.0,86.0,119.0,82.0,2.0,25+,0,Lower monitoring concern,
2021,22.0,0.0,0,1.0,married,28.0,4.0,72.0,127.0,81.0,4.0,20-24,0,Lower monitoring concern,
2021,36.0,2.0,2,3.0,married,34.0,3.0,58.0,119.0,67.0,3.0,25+,1,Lower monitoring concern,Age 35 or above
2021,24.0,1.0,1,2.0,married,24.0,3.0,60.0,128.0,71.0,3.0,20-24,0,Lower monitoring concern,
2021,39.0,0.0,0,1.0,married,28.0,1.0,90.0,129.0,75.0,1.0,25+,2,Moderate monitoring concern,Age 35 or above; Low recorded ANC visits
2021,23.0,1.0,1,2.0,married,38.0,5.0,59.0,106.0,64.0,5.0,20-24,0,Lower monitoring concern,
2021,22.0,0.0,0,1.0,married,36.0,2.0,63.0,118.0,60.0,2.0,20-24,0,Lower monitoring concern,
2021,39.0,1.0,1,2.0,married,32.0,2.0,83.0,142.0,80.0,2.0,25+,3,Moderate monitoring concern,Age 35 or above; Elevated systolic BP
2021,31.0,0.0,0,1.0,married,32.0,3.0,65.0,106.0,61.0,3.0,25+,0,Lower monitoring concern,
2021,29.0,0.0,0,1.0,married,28.0,2.0,57.0,102.0,68.0,2.0,25+,0,Lower monitoring concern,
2021,29.0,0.0,0,1.0,married,36.0,2.0,67.0,115.0,68.0,2.0,25+,0,Lower monitoring concern,
2021,26.0,5.0,3+,6.0,married,28.0,3.0,66.0,113.0,60.0,3.0,25+,1,Lower monitoring concern,High parity
2021,27.0,5.0,3+,7.0,married,32.0,2.0,60.0,98.0,58.0,2.0,25+,1,Lower monitoring concern,High parity
2021,33.0,2.0,2,3.0,married,26.0,3.0,60.0,108.0,58.0,3.0,25+,0,Lower monitoring concern,
2021,35.0,1.0,1,3.0,married,26.0,2.0,53.0,103.0,84.0,2.0,25+,1,Lower monitoring concern,Age 35 or above
2021,39.0,0.0,0,1.0,married,26.0,1.0,54.0,102.0,64.0,1.0,25+,2,Moderate monitoring concern,Age 35 or above; Low recorded ANC visits
2021,27.0,4.0,3+,5.0,married,36.0,3.0,66.0,109.0,61.0,3.0,25+,1,Lower monitoring concern,High parity
2021,23.0,2.0,2,3.0,married,30.0,3.0,61.0,103.0,68.0,3.0,20-24,0,Lower monitoring concern,
2021,27.0,0.0,0,1.0,married,36.0,5.0,83.0,132.0,71.0,5.0,25+,0,Lower monitoring concern,
2021,22.0,2.0,2,3.0,married,28.0,1.0,74.0,108.0,63.0,1.0,20-24,1,Lower monitoring concern,Low recorded ANC visits
2021,27.0,2.0,2,3.0,married,28.0,1.0,67.0,121.0,81.0,1.0,25+,1,Lower monitoring concern,Low recorded ANC visits
2021,19.0,0.0,0,1.0,married,28.0,2.0,66.0,114.0,65.0,2.0,<20,1,Lower monitoring concern,Age below 20
2021,27.0,2.0,2,3.0,married,28.0,3.0,87.0,119.0,85.0,3.0,25+,0,Lower monitoring concern,
2021,22.0,0.0,0,1.0,married,28.0,3.0,56.0,120.0,71.0,4.0,20-24,0,Lower monitoring concern,
2021,34.0,0.0,0,1.0,married,32.0,1.0,88.0,128.0,78.0,2.0,25+,1,Lower monitoring concern,Low recorded ANC visits
2021,17.0,0.0,0,1.0,single,30.0,3.0,46.0,100.0,68.0,3.0,<20,1,Lower monitoring concern,Age below 20
2021,38.0,2.0,2,4.0,married,16.0,4.0,48.5,108.0,74.0,2.0,25+,1,Lower monitoring concern,Age 35 or above
2021,30.0,3.0,3+,4.0,married,32.0,2.0,85.0,106.0,62.0,2.0,25+,0,Lower monitoring concern,
2021,22.0,0.0,0,1.0,married,36.0,1.0,62.0,114.0,61.0,1.0,20-24,1,Lower monitoring concern,Low recorded ANC visits
2021,29.0,1.0,1,2.0,married,28.0,2.0,56.0,110.0,68.0,2.0,25+,0,Lower monitoring concern,
2021,29.0,2.0,2,3.0,married,22.0,2.0,55.0,110.0,68.0,2.0,25+,0,Lower monitoring concern,
2021,30.0,0.0,0,1.0,married,28.0,1.0,76.0,110.0,72.0,1.0,25+,1,Lower monitoring concern,Low recorded ANC visits
2021,30.0,1.0,1,2.0,married,22.0,2.0,56.5,115.0,74.0,2.0,25+,0,Lower monitoring concern,
2021,31.0,2.0,2,3.0,married,24.0,2.0,57.0,103.0,70.0,2.0,25+,0,Lower monitoring concern,
2021,27.0,2.0,2,3.0,married,18.0,4.0,75.5,108.0,70.0,4.0,25+,0,Lower monitoring concern,
2021,36.0,2.0,2,2.0,married,32.0,4.0,70.0,123.0,82.0,4.0,25+,1,Lower monitoring concern,Age 35 or above
2021,21.0,0.0,0,1.0,married,28.0,4.0,75.0,119.0,67.0,4.0,20-24,0,Lower monitoring concern,
2021,29.0,0.0,0,1.0,married,37.0,4.0,68.0,102.0,68.0,4.0,25+,0,Lower monitoring concern,
2021,35.0,1.0,1,2.0,married,27.0,3.0,75.0,118.0,64.0,3.0,25+,1,Lower monitoring concern,Age 35 or above
2021,30.0,2.0,2,3.0,married,24.0,3.0,75.0,120.0,66.0,3.0,25+,0,Lower monitoring concern,
2021,27.0,0.0,0,1.0,married,36.0,4.0,65.0,115.0,81.0,4.0,25+,0,Lower monitoring concern,
2021,29.0,0.0,0,1.0,married,24.0,5.0,69.0,123.0,82.0,2.0,25+,0,Lower monitoring concern,
2021,20.0,1.0,1,1.0,married,28.0,2.0,58.0,100.0,70.0,2.0,20-24,0,Lower monitoring concern,
2021,32.0,2.0,2,3.0,married,29.0,3.0,58.0,109.0,71.0,2.0,25+,0,Lower monitoring concern,
2021,27.0,0.0,0,1.0,single,24.0,6.0,65.0,113.0,83.0,4.0,25+,0,Lower monitoring concern,
2021,36.0,2.0,2,3.0,married,27.0,4.0,85.0,112.0,84.0,3.0,25+,1,Lower monitoring concern,Age 35 or above
2021,22.0,0.0,0,1.0,married,27.0,3.0,60.0,108.0,65.0,2.0,20-24,0,Lower monitoring concern,
2021,43.0,1.0,1,2.0,married,24.0,1.0,64.0,119.0,85.0,1.0,25+,2,Moderate monitoring concern,Age 35 or above; Low recorded ANC visits
2021,25.0,0.0,0,1.0,married,21.0,1.0,70.0,119.0,84.0,1.0,25+,1,Lower monitoring concern,Low recorded ANC visits
2021,26.0,1.0,1,2.0,married,36.0,1.0,59.0,109.0,80.0,1.0,25+,1,Lower monitoring concern,Low recorded ANC visits
2021,20.0,2.0,2,3.0,married,28.0,3.0,56.0,96.0,61.0,2.0,20-24,0,Lower monitoring concern,
2021,34.0,0.0,0,1.0,married,22.0,3.0,65.0,120.0,60.0,3.0,25+,0,Lower monitoring concern,
2021,33.0,1.0,1,2.0,married,32.0,1.0,85.0,126.0,80.0,1.0,25+,1,Lower monitoring concern,Low recorded ANC visits
2021,31.0,1.0,1,2.0,married,38.0,4.0,80.0,110.0,59.0,4.0,25+,0,Lower monitoring concern,
2021,37.0,2.0,2,3.0,married,24.0,3.0,50.0,107.0,62.0,3.0,25+,1,Lower monitoring concern,Age 35 or above
2021,32.0,2.0,2,3.0,married,28.0,2.0,56.0,118.0,72.0,1.0,25+,0,Lower monitoring concern,
2021,35.0,0.0,0,1.0,married,24.0,1.0,68.5,100.0,62.0,1.0,25+,2,Moderate monitoring concern,Age 35 or above; Low recorded ANC visits
2021,25.0,0.0,0,2.0,married,24.0,1.0,69.0,108.0,68.0,1.0,25+,1,Lower monitoring concern,Low recorded ANC visits
2021,25.0,1.0,1,2.0,married,27.0,1.0,60.0,108.0,61.0,3.0,25+,1,Lower monitoring concern,Low recorded ANC visits
2021,19.0,3.0,3+,4.0,married,22.0,1.0,45.0,96.0,61.0,4.0,<20,2,Moderate monitoring concern,Age below 20; Low recorded ANC visits
2021,37.0,1.0,1,2.0,married,28.0,2.0,57.0,115.0,74.0,2.0,25+,1,Lower monitoring concern,Age 35 or above
2021,31.0,1.0,1,2.0,married,37.0,5.0,85.0,117.0,68.0,5.0,25+,0,Lower monitoring concern,
2021,29.0,2.0,2,2.0,married,28.0,3.0,79.0,108.0,59.0,3.0,25+,0,Lower monitoring concern,
2021,17.0,0.0,0,1.0,single,32.0,4.0,52.0,101.0,71.0,3.0,<20,1,Lower monitoring concern,Age below 20
2021,22.0,0.0,0,1.0,married,32.0,2.0,72.0,106.0,68.0,2.0,20-24,0,Lower monitoring concern,
2021,27.0,1.0,1,2.0,married,28.0,3.0,52.0,119.0,79.0,3.0,25+,0,Lower monitoring concern,
2021,39.0,3.0,3+,3.0,married,28.0,4.0,50.0,118.0,63.0,4.0,25+,1,Lower monitoring concern,Age 35 or above
2021,33.0,1.0,1,3.0,married,26.0,4.0,59.0,96.0,60.0,2.0,25+,0,Lower monitoring concern,
2021,23.0,2.0,2,3.0,married,37.0,5.0,79.5,134.0,84.0,5.0,20-24,0,Lower monitoring concern,
2021,37.0,2.0,2,1.0,married,28.0,3.0,92.0,103.0,66.0,3.0,25+,1,Lower monitoring concern,Age 35 or above
2021,24.0,0.0,0,2.0,married,24.0,4.0,84.0,108.0,74.0,4.0,20-24,0,Lower monitoring concern,
2021,21.0,1.0,1,2.0,single,30.0,1.0,56.4,112.0,71.0,1.0,20-24,1,Lower monitoring concern,Low recorded ANC visits
2021,20.0,0.0,0,1.0,married,28.0,4.0,58.0,124.0,78.0,4.0,20-24,0,Lower monitoring concern,
2021,22.0,6.0,3+,7.0,married,28.0,2.0,73.5,103.0,64.0,1.0,20-24,1,Lower monitoring concern,High parity
2021,30.0,3.0,3+,4.0,married,35.0,3.0,72.0,108.0,72.0,4.0,25+,0,Lower monitoring concern,
2021,27.0,2.0,2,2.0,married,31.0,3.0,67.0,109.0,69.0,3.0,25+,0,Lower monitoring concern,
2021,37.0,4.0,3+,5.0,married,32.0,3.0,82.0,118.0,72.0,3.0,25+,2,Moderate monitoring concern,Age 35 or above; High parity
2021,27.0,2.0,2,3.0,married,24.0,32.0,59.5,103.0,60.0,3.0,25+,0,Lower monitoring concern,
2021,25.0,0.0,0,1.0,married,32.0,4.0,79.0,114.0,79.0,4.0,25+,0,Lower monitoring concern,
2021,20.0,1.0,1,2.0,married,28.0,2.0,51.0,103.0,68.0,2.0,20-24,0,Lower monitoring concern,
2021,28.0,1.0,1,2.0,married,32.0,4.0,68.0,107.0,68.0,3.0,25+,0,Lower monitoring concern,
2021,23.0,0.0,0,1.0,married,32.0,6.0,53.5,99.0,61.0,3.0,20-24,0,Lower monitoring concern,
2021,27.0,0.0,0,1.0,married,32.0,1.0,47.0,110.0,72.0,2.0,25+,1,Lower monitoring concern,Low recorded ANC visits
2021,30.0,2.0,2,3.0,married,24.0,3.0,85.5,110.0,58.0,3.0,25+,0,Lower monitoring concern,
2021,24.0,0.0,0,3.0,married,22.0,5.0,51.0,98.0,60.0,5.0,20-24,0,Lower monitoring concern,
2021,38.0,1.0,1,3.0,married,20.0,2.0,77.0,108.0,72.0,2.0,25+,1,Lower monitoring concern,Age 35 or above
2021,22.0,2.0,2,4.0,married,25.0,1.0,75.0,129.0,80.0,1.0,20-24,1,Lower monitoring concern,Low recorded ANC visits
2021,19.0,2.0,2,3.0,single,19.0,1.0,49.0,104.0,70.0,1.0,<20,2,Moderate monitoring concern,Age below 20; Low recorded ANC visits
2021,24.0,4.0,3+,5.0,married,23.0,2.0,90.0,141.0,70.0,2.0,20-24,3,Moderate monitoring concern,Elevated systolic BP; High parity
2021,30.0,2.0,2,3.0,married,20.0,3.0,64.0,117.0,72.0,3.0,25+,0,Lower monitoring concern,
2021,31.0,2.0,2,2.0,married,36.0,4.0,67.0,114.0,73.0,4.0,25+,0,Lower monitoring concern,
2021,35.0,1.0,1,1.0,married,28.0,3.0,68.3,113.0,71.0,3.0,25+,1,Lower monitoring concern,Age 35 or above
2021,23.0,1.0,1,1.0,married,32.0,4.0,64.0,117.0,63.0,4.0,20-24,0,Lower monitoring concern,
2021,28.0,0.0,0,1.0,single,28.0,1.0,64.0,129.0,84.0,1.0,25+,1,Lower monitoring concern,Low recorded ANC visits
2021,23.0,1.0,1,2.0,married,32.0,3.0,64.0,117.0,64.0,3.0,20-24,0,Lower monitoring concern,
2021,28.0,0.0,0,1.0,married,30.0,4.0,67.0,118.0,60.0,4.0,25+,0,Lower monitoring concern,
2021,43.0,0.0,0,1.0,married,26.0,2.0,56.0,100.0,60.0,2.0,25+,1,Lower monitoring concern,Age 35 or above
2021,35.0,2.0,2,3.0,married,32.0,4.0,92.0,118.0,72.0,4.0,25+,1,Lower monitoring concern,Age 35 or above
2021,23.0,4.0,3+,6.0,married,27.0,1.0,60.0,100.0,61.0,1.0,20-24,2,Moderate monitoring concern,High parity; Low recorded ANC visits
2021,39.0,1.0,1,2.0,married,33.0,3.0,57.0,99.0,60.0,3.0,25+,1,Lower monitoring concern,Age 35 or above
2021,29.0,0.0,0,1.0,married,28.0,2.0,70.0,120.0,78.0,2.0,25+,0,Lower monitoring concern,
2021,35.0,0.0,0,1.0,married,30.0,3.0,54.0,118.0,70.0,3.0,25+,1,Lower monitoring concern,Age 35 or above
2021,39.0,3.0,3+,4.0,married,24.0,4.0,82.5,126.0,73.0,4.0,25+,1,Lower monitoring concern,Age 35 or above
2021,24.0,4.0,3+,5.0,married,27.0,4.0,45.5,105.0,73.0,4.0,20-24,1,Lower monitoring concern,High parity
2021,34.0,2.0,2,3.0,single,32.0,1.0,52.5,128.0,84.0,1.0,25+,1,Lower monitoring concern,Low recorded ANC visits
2021,37.0,0.0,0,1.0,married,28.0,1.0,64.0,134.0,81.0,1.0,25+,2,Moderate monitoring concern,Age 35 or above; Low recorded ANC visits
2021,32.0,1.0,1,2.0,married,24.0,1.0,90.0,128.0,81.0,1.0,25+,1,Lower monitoring concern,Low recorded ANC visits
2021,25.0,0.0,0,1.0,married,24.0,3.0,56.0,108.0,62.0,3.0,25+,0,Lower monitoring concern,
2021,25.0,2.0,2,3.0,married,34.0,3.0,68.0,125.0,80.0,3.0,25+,0,Lower monitoring concern,
2021,22.0,1.0,1,2.0,married,32.0,5.0,64.0,108.0,72.0,5.0,20-24,0,Lower monitoring concern,
2021,30.0,0.0,0,1.0,married,32.0,3.0,87.0,108.0,60.0,3.0,25+,0,Lower monitoring concern,
2021,27.0,1.0,1,2.0,married,28.0,2.0,54.0,112.0,68.0,2.0,25+,0,Lower monitoring concern,
2021,37.0,2.0,2,3.0,married,24.0,3.0,79.0,107.0,71.0,3.0,25+,1,Lower monitoring concern,Age 35 or above
2021,37.0,0.0,0,1.0,married,24.0,3.0,69.0,113.0,69.0,3.0,25+,1,Lower monitoring concern,Age 35 or above
2021,26.0,1.0,1,2.0,married,28.0,1.0,61.0,110.0,63.0,1.0,25+,1,Lower monitoring concern,Low recorded ANC visits
2021,40.0,1.0,1,2.0,married,28.0,4.0,76.0,118.0,78.0,4.0,25+,1,Lower monitoring concern,Age 35 or above
2021,28.0,2.0,2,3.0,married,24.0,2.0,69.0,117.0,78.0,2.0,25+,0,Lower monitoring concern,
2021,28.0,2.0,2,3.0,married,32.0,3.0,67.0,118.0,66.0,3.0,25+,0,Lower monitoring concern,
2021,27.0,0.0,0,1.0,married,26.0,3.0,69.0,110.0,69.0,3.0,25+,0,Lower monitoring concern,
2021,27.0,0.0,0,2.0,married,28.0,2.0,47.0,114.0,74.0,2.0,25+,0,Lower monitoring concern,
2021,28.0,1.0,1,2.0,married,34.0,4.0,68.0,116.0,72.0,4.0,25+,0,Lower monitoring concern,
2021,27.0,3.0,3+,4.0,married,24.0,4.0,68.0,118.0,71.0,4.0,25+,0,Lower monitoring concern,
2021,22.0,1.0,1,2.0,married,28.0,3.0,59.5,113.0,74.0,3.0,20-24,0,Lower monitoring concern,
2021,29.0,1.0,1,2.0,married,37.0,4.0,63.0,118.0,78.0,4.0,25+,0,Lower monitoring concern,
2021,28.0,2.0,2,2.0,married,28.0,4.0,67.5,107.0,64.0,4.0,25+,0,Lower monitoring concern,
2021,31.0,0.0,0,1.0,married,22.0,5.0,69.0,120.0,80.0,5.0,25+,0,Lower monitoring concern,
2021,39.0,0.0,0,1.0,married,32.0,4.0,52.0,108.0,72.0,4.0,25+,1,Lower monitoring concern,Age 35 or above
2021,32.0,1.0,1,2.0,married,24.0,5.0,53.0,117.0,78.0,5.0,25+,0,Lower monitoring concern,
2021,29.0,3.0,3+,3.0,married,24.0,1.0,60.0,123.0,76.0,1.0,25+,1,Lower monitoring concern,Low recorded ANC visits
2021,33.0,1.0,1,3.0,married,20.0,4.0,79.0,121.0,74.0,4.0,25+,0,Lower monitoring concern,
2021,43.0,2.0,2,3.0,married,28.0,2.0,80.0,119.0,80.0,2.0,25+,1,Lower monitoring concern,Age 35 or above
2021,30.0,2.0,2,1.0,married,20.0,1.0,71.0,126.0,72.0,1.0,25+,1,Lower monitoring concern,Low recorded ANC visits
2021,38.0,0.0,0,2.0,married,28.0,2.0,77.0,113.0,73.0,2.0,25+,1,Lower monitoring concern,Age 35 or above
2021,20.0,1.0,1,2.0,married,28.0,3.0,53.0,124.0,76.0,3.0,20-24,0,Lower monitoring concern,
2021,29.0,0.0,0,1.0,married,24.0,7.0,87.0,129.0,71.0,4.0,25+,0,Lower monitoring concern,
2021,27.0,6.0,3+,7.0,married,20.0,5.0,63.0,109.0,71.0,4.0,25+,1,Lower monitoring concern,High parity
2021,20.0,3.0,3+,4.0,married,24.0,3.0,63.0,119.0,74.0,3.0,20-24,0,Lower monitoring concern,
2021,25.0,2.0,2,2.0,married,24.0,3.0,70.0,109.0,62.0,3.0,25+,0,Lower monitoring concern,
2021,32.0,4.0,3+,5.0,married,28.0,2.0,69.5,117.0,78.0,2.0,25+,1,Lower monitoring concern,High parity
2021,22.0,2.0,2,3.0,single,28.0,1.0,64.0,110.0,68.0,1.0,20-24,1,Lower monitoring concern,Low recorded ANC visits
2021,33.0,0.0,0,1.0,married,36.0,6.0,88.0,149.0,91.0,4.0,25+,4,Higher monitoring concern,Elevated systolic BP; Elevated diastolic BP
2021,40.0,1.0,1,2.0,married,28.0,2.0,57.0,119.0,81.0,2.0,25+,1,Lower monitoring concern,Age 35 or above
2021,38.0,1.0,1,2.0,married,30.0,5.0,87.0,132.0,87.0,4.0,25+,1,Lower monitoring concern,Age 35 or above
2021,37.0,0.0,0,1.0,married,28.0,4.0,58.0,113.0,70.0,4.0,25+,1,Lower monitoring concern,Age 35 or above
2021,24.0,0.0,0,1.0,married,28.0,4.0,53.0,115.0,60.0,4.0,20-24,0,Lower monitoring concern,
2021,23.0,2.0,2,3.0,married,22.0,2.0,70.0,113.0,69.0,2.0,20-24,0,Lower monitoring concern,
2021,34.0,0.0,0,3.0,married,32.0,5.0,90.0,134.0,86.0,5.0,25+,0,Lower monitoring concern,
2021,34.0,1.0,1,3.0,married,32.0,4.0,65.0,129.0,71.0,4.0,25+,0,Lower monitoring concern,
2021,26.0,2.0,2,4.0,married,24.0,2.0,82.0,111.0,75.0,2.0,25+,0,Lower monitoring concern,
2021,16.0,2.0,2,3.0,single,28.0,2.0,56.0,100.0,61.0,2.0,<20,1,Lower monitoring concern,Age below 20
2021,39.0,4.0,3+,5.0,married,32.0,1.0,82.0,120.0,78.0,1.0,25+,3,Moderate monitoring concern,Age 35 or above; High parity; Low recorded ANC visits
2021,30.0,2.0,2,3.0,married,37.0,4.0,88.0,122.0,81.0,4.0,25+,0,Lower monitoring concern,
2021,27.0,2.0,2,2.0,married,32.0,1.0,60.5,122.0,71.0,1.0,25+,1,Lower monitoring concern,Low recorded ANC visits
2021,22.0,1.0,1,1.0,married,22.0,3.0,75.0,118.0,61.0,3.0,20-24,0,Lower monitoring concern,
2021,26.0,1.0,1,1.0,married,30.0,5.0,61.0,105.0,60.0,5.0,25+,0,Lower monitoring concern,
2021,30.0,0.0,0,1.0,married,28.0,3.0,60.0,108.0,60.0,3.0,25+,0,Lower monitoring concern,
2021,33.0,1.0,1,2.0,married,32.0,3.0,64.0,113.0,74.0,3.0,25+,0,Lower monitoring concern,
2021,27.0,1.0,1,2.0,married,32.0,5.0,64.0,100.0,65.0,5.0,25+,0,Lower monitoring concern,
2021,27.0,0.0,0,1.0,married,26.0,4.0,72.0,113.0,72.0,4.0,25+,0,Lower monitoring concern,
2021,27.0,0.0,0,1.0,married,28.0,3.0,64.0,102.0,62.0,2.0,25+,0,Lower monitoring concern,
2021,27.0,2.0,2,3.0,married,29.0,2.0,74.0,122.0,70.0,2.0,25+,0,Lower monitoring concern,
2021,24.0,0.0,0,3.0,married,27.0,6.0,63.0,118.0,65.0,6.0,20-24,0,Lower monitoring concern,
2021,21.0,1.0,1,3.0,single,23.0,2.0,53.0,,67.0,2.0,20-24,0,Lower monitoring concern,
2021,26.0,2.0,2,4.0,married,28.0,3.0,64.0,,76.0,3.0,25+,0,Lower monitoring concern,
2021,21.0,2.0,2,3.0,single,31.0,1.0,60.0,,56.0,6.0,20-24,1,Lower monitoring concern,Low recorded ANC visits
2021,31.0,4.0,3+,5.0,married,35.0,1.0,85.0,,87.0,5.0,25+,2,Moderate monitoring concern,High parity; Low recorded ANC visits
2021,22.0,2.0,2,3.0,married,25.0,2.0,51.0,,67.0,5.0,20-24,0,Lower monitoring concern,
2021,27.0,2.0,2,2.0,married,24.0,4.0,46.0,,78.0,4.0,25+,0,Lower monitoring concern,
2021,32.0,1.0,1,1.0,married,16.0,3.0,107.0,,76.0,3.0,25+,0,Lower monitoring concern,
2021,21.0,1.0,1,1.0,married,5.0,5.0,58.0,,64.0,6.0,20-24,0,Lower monitoring concern,
2021,28.0,2.0,2,3.0,married,25.0,3.0,62.0,,67.0,6.0,25+,0,Lower monitoring concern,
2021,20.0,0.0,0,1.0,single,25.0,5.0,52.0,,76.0,5.0,20-24,0,Lower monitoring concern,
2021,37.0,1.0,1,2.0,married,28.0,1.0,73.0,,91.0,5.0,25+,4,Higher monitoring concern,Age 35 or above; Elevated diastolic BP; Low recorded ANC visits
2021,23.0,0.0,0,1.0,married,23.0,3.0,64.0,,80.0,1.0,20-24,0,Lower monitoring concern,
2021,35.0,2.0,2,3.0,married,23.0,1.0,57.0,,89.0,1.0,25+,2,Moderate monitoring concern,Age 35 or above; Low recorded ANC visits
2021,32.0,1.0,1,2.0,married,34.0,3.0,78.0,,91.0,3.0,25+,2,Moderate monitoring concern,Elevated diastolic BP
2021,29.0,0.0,0,1.0,married,37.0,4.0,60.0,,81.0,3.0,25+,0,Lower monitoring concern,
2021,30.0,1.0,1,2.0,married,36.0,4.0,60.0,110.0,90.0,5.0,25+,2,Moderate monitoring concern,Elevated diastolic BP
2021,30.0,2.0,2,3.0,married,39.0,6.0,58.0,92.0,76.0,4.0,25+,0,Lower monitoring concern,
2021,27.0,0.0,0,1.0,married,37.0,5.0,64.0,100.0,60.0,4.0,25+,0,Lower monitoring concern,
2021,27.0,1.0,1,2.0,married,34.0,5.0,72.0,100.0,60.0,4.0,25+,0,Lower monitoring concern,
2021,27.0,1.0,1,2.0,married,37.0,4.0,73.0,112.0,70.0,4.0,25+,0,Lower monitoring concern,
2021,23.0,2.0,2,3.0,married,24.0,3.0,60.0,100.0,89.0,4.0,20-24,0,Lower monitoring concern,
2021,29.0,2.0,2,3.0,married,35.0,2.0,66.0,95.0,58.0,4.0,25+,0,Lower monitoring concern,
2021,29.0,0.0,0,1.0,married,35.0,2.0,61.0,98.0,60.0,2.0,25+,0,Lower monitoring concern,
2021,32.0,0.0,0,2.0,married,29.0,5.0,82.0,142.0,90.0,4.0,25+,4,Higher monitoring concern,Elevated systolic BP; Elevated diastolic BP
2021,31.0,1.0,1,2.0,married,25.0,1.0,81.0,130.0,70.0,4.0,25+,1,Lower monitoring concern,Low recorded ANC visits
2021,34.0,3.0,3+,4.0,married,27.0,2.0,61.0,130.0,86.0,4.0,25+,0,Lower monitoring concern,
2021,30.0,1.0,1,2.0,married,29.0,4.0,81.5,110.0,65.0,4.0,25+,0,Lower monitoring concern,
2021,25.0,1.0,1,2.0,single,32.0,1.0,80.0,95.0,72.0,,25+,1,Lower monitoring concern,Low recorded ANC visits
2021,30.0,2.0,2,2.0,married,30.0,5.0,67.0,99.0,67.0,4.0,25+,0,Lower monitoring concern,
2021,52.0,0.0,0,1.0,married,27.0,2.0,67.0,98.0,60.0,4.0,25+,1,Lower monitoring concern,Age 35 or above
2021,27.0,0.0,0,1.0,married,27.0,2.0,75.5,100.0,60.0,4.0,25+,0,Lower monitoring concern,
2021,37.0,1.0,1,2.0,married,26.0,6.0,53.0,124.0,62.0,4.0,25+,1,Lower monitoring concern,Age 35 or above
2021,21.0,3.0,3+,3.0,married,30.0,6.0,87.0,110.0,61.0,4.0,20-24,0,Lower monitoring concern,
2021,26.0,1.0,1,3.0,married,30.0,1.0,76.0,105.0,60.0,4.0,25+,1,Lower monitoring concern,Low recorded ANC visits
2021,28.0,2.0,2,3.0,married,25.0,4.0,62.0,94.0,66.0,4.0,25+,0,Lower monitoring concern,
2021,20.0,2.0,2,1.0,married,31.0,5.0,57.0,100.0,60.0,4.0,20-24,0,Lower monitoring concern,
2021,28.0,0.0,0,2.0,married,29.0,6.0,85.0,140.0,80.0,3.0,25+,2,Moderate monitoring concern,Elevated systolic BP
2021,20.0,1.0,1,2.0,married,21.0,5.0,81.5,120.0,80.0,3.0,20-24,0,Lower monitoring concern,
2021,26.0,0.0,0,1.0,married,28.0,3.0,71.5,110.0,62.0,2.0,25+,0,Lower monitoring concern,
2021,34.0,6.0,3+,7.0,married,30.0,2.0,65.0,110.0,70.0,3.0,25+,1,Lower monitoring concern,High parity
2021,34.0,3.0,3+,4.0,married,20.0,3.0,64.0,92.0,60.0,3.0,25+,0,Lower monitoring concern,
2021,34.0,2.0,2,2.0,married,21.0,2.0,52.0,110.0,70.0,3.0,25+,0,Lower monitoring concern,
2021,35.0,4.0,3+,5.0,married,25.0,3.0,82.0,140.0,60.0,5.0,25+,4,Higher monitoring concern,Age 35 or above; Elevated systolic BP; High parity
2021,25.0,2.0,2,3.0,married,24.0,2.0,53.5,94.0,58.0,2.0,25+,0,Lower monitoring concern,
2021,32.0,0.0,0,1.0,married,24.0,3.0,77.5,126.0,80.0,3.0,25+,0,Lower monitoring concern,
2021,27.0,1.0,1,2.0,married,24.0,6.0,77.5,100.0,70.0,3.0,25+,0,Lower monitoring concern,
2021,37.0,1.0,1,2.0,married,34.0,7.0,66.0,106.0,70.0,2.0,25+,1,Lower monitoring concern,Age 35 or above
2021,27.0,0.0,0,1.0,married,28.0,3.0,54.0,120.0,60.0,3.0,25+,0,Lower monitoring concern,
2021,23.0,0.0,0,1.0,married,18.0,2.0,43.0,110.0,72.0,3.0,20-24,0,Lower monitoring concern,
2021,29.0,2.0,2,3.0,married,3.0,2.0,77.0,106.0,76.0,3.0,25+,0,Lower monitoring concern,
2021,23.0,0.0,0,3.0,married,23.0,2.0,62.0,120.0,80.0,3.0,20-24,0,Lower monitoring concern,
2021,30.0,1.0,1,3.0,married,26.0,2.0,56.0,130.0,80.0,3.0,25+,0,Lower monitoring concern,
2021,24.0,2.0,2,4.0,married,20.0,2.0,62.0,98.0,60.0,3.0,20-24,0,Lower monitoring concern,
2021,24.0,2.0,2,3.0,married,18.0,1.0,74.0,100.0,60.0,3.0,20-24,1,Lower monitoring concern,Low recorded ANC visits
2021,31.0,4.0,3+,5.0,married,20.0,3.0,74.0,100.0,60.0,3.0,25+,1,Lower monitoring concern,High parity
2021,37.0,2.0,2,3.0,single,5.0,1.0,74.0,112.0,80.0,3.0,25+,2,Moderate monitoring concern,Age 35 or above; Low recorded ANC visits
2021,30.0,2.0,2,2.0,married,40.0,5.0,89.0,100.0,60.0,5.0,25+,0,Lower monitoring concern,
2021,27.0,1.0,1,1.0,married,34.0,1.0,69.0,90.0,60.0,4.0,25+,1,Lower monitoring concern,Low recorded ANC visits
2021,28.0,1.0,1,1.0,married,37.0,3.0,57.0,100.0,60.0,4.0,25+,0,Lower monitoring concern,
2021,25.0,0.0,0,1.0,married,28.0,4.0,77.0,120.0,80.0,4.0,25+,0,Lower monitoring concern,
2021,31.0,1.0,1,2.0,married,20.0,7.0,71.0,100.0,60.0,4.0,25+,0,Lower monitoring concern,
2021,27.0,0.0,0,1.0,married,20.0,6.0,58.0,100.0,60.0,2.0,25+,0,Lower monitoring concern,
2021,24.0,0.0,0,1.0,married,36.0,1.0,64.0,120.0,80.0,4.0,20-24,1,Lower monitoring concern,Low recorded ANC visits
2021,24.0,2.0,2,3.0,married,21.0,2.0,67.0,100.0,70.0,4.0,20-24,0,Lower monitoring concern,
2021,43.0,4.0,3+,6.0,married,34.0,4.0,67.0,100.0,70.0,3.0,25+,2,Moderate monitoring concern,Age 35 or above; High parity
2021,35.0,1.0,1,2.0,married,22.0,2.0,67.0,100.0,70.0,2.0,25+,1,Lower monitoring concern,Age 35 or above
2021,20.0,0.0,0,1.0,married,30.0,4.0,65.0,100.0,60.0,2.0,20-24,0,Lower monitoring concern,
2021,24.0,0.0,0,1.0,married,30.0,4.0,59.0,100.0,60.0,3.0,20-24,0,Lower monitoring concern,
2021,41.0,3.0,3+,4.0,married,34.0,3.0,81.5,110.0,60.0,4.0,25+,1,Lower monitoring concern,Age 35 or above
2021,39.0,4.0,3+,5.0,married,28.0,2.0,86.0,120.0,70.0,4.0,25+,2,Moderate monitoring concern,Age 35 or above; High parity
2021,24.0,2.0,2,3.0,married,32.0,4.0,61.0,110.0,62.0,4.0,20-24,0,Lower monitoring concern,
2021,23.0,0.0,0,1.0,married,32.0,2.0,63.0,100.0,60.0,4.0,20-24,0,Lower monitoring concern,
2021,23.0,0.0,0,1.0,married,35.0,4.0,72.0,100.0,60.0,4.0,20-24,0,Lower monitoring concern,
2021,26.0,1.0,1,2.0,married,25.0,3.0,54.0,100.0,60.0,2.0,25+,0,Lower monitoring concern,
2021,20.0,0.0,0,1.0,divorced,30.0,1.0,49.0,92.0,60.0,2.0,20-24,1,Lower monitoring concern,Low recorded ANC visits
2021,25.0,0.0,0,1.0,married,29.0,2.0,,92.0,72.0,2.0,25+,0,Lower monitoring concern,
2021,21.0,0.0,0,1.0,married,29.0,3.0,67.0,100.0,60.0,3.0,20-24,0,Lower monitoring concern,
2021,24.0,0.0,0,1.0,married,29.0,8.0,62.0,114.0,58.0,3.0,20-24,0,Lower monitoring concern,
2021,39.0,4.0,3+,5.0,married,34.0,4.0,96.5,94.0,60.0,4.0,25+,2,Moderate monitoring concern,Age 35 or above; High parity
2021,35.0,1.0,1,2.0,married,36.0,4.0,69.0,100.0,62.0,4.0,25+,1,Lower monitoring concern,Age 35 or above
2021,25.0,0.0,0,1.0,married,36.0,3.0,69.0,100.0,70.0,2.0,25+,0,Lower monitoring concern,
2021,25.0,0.0,0,1.0,married,37.0,6.0,82.0,112.0,72.0,4.0,25+,0,Lower monitoring concern,
2021,24.0,1.0,1,4.0,married,28.0,6.0,93.0,132.0,96.0,4.0,20-24,2,Moderate monitoring concern,Elevated diastolic BP
2021,20.0,0.0,0,1.0,married,27.0,2.0,58.5,118.0,68.0,4.0,20-24,0,Lower monitoring concern,
2021,21.0,0.0,0,1.0,married,20.0,2.0,61.0,100.0,60.0,2.0,20-24,0,Lower monitoring concern,
2021,22.0,2.0,2,3.0,married,24.0,5.0,64.0,107.0,66.0,4.0,20-24,0,Lower monitoring concern,
2021,25.0,0.0,0,1.0,married,24.0,3.0,58.0,120.0,60.0,4.0,25+,0,Lower monitoring concern,
2021,22.0,0.0,0,1.0,married,24.0,1.0,78.0,114.0,68.0,4.0,20-24,1,Lower monitoring concern,Low recorded ANC visits
2021,30.0,2.0,2,3.0,married,3.0,3.0,61.0,120.0,50.0,4.0,25+,0,Lower monitoring concern,
2021,29.0,1.0,1,2.0,married,34.0,2.0,86.0,110.0,72.0,3.0,25+,0,Lower monitoring concern,
2021,28.0,0.0,0,2.0,married,28.0,7.0,57.0,92.0,61.0,4.0,25+,0,Lower monitoring concern,
2021,30.0,1.0,1,2.0,married,25.0,2.0,82.0,122.0,69.0,4.0,25+,0,Lower monitoring concern,
2021,39.0,4.0,3+,6.0,married,35.0,6.0,82.0,100.0,68.0,4.0,25+,2,Moderate monitoring concern,Age 35 or above; High parity
2021,29.0,4.0,3+,5.0,married,31.0,4.0,74.0,115.0,71.0,4.0,25+,1,Lower monitoring concern,High parity
2021,20.0,2.0,2,3.0,married,6.0,3.0,81.5,112.0,62.0,4.0,20-24,0,Lower monitoring concern,
2021,30.0,4.0,3+,5.0,married,31.0,2.0,81.0,112.0,62.0,4.0,25+,1,Lower monitoring concern,High parity
2021,20.0,2.0,2,3.0,married,24.0,3.0,74.0,113.0,72.0,4.0,20-24,0,Lower monitoring concern,
2021,28.0,3.0,3+,4.0,married,30.0,3.0,64.0,113.0,71.0,4.0,25+,0,Lower monitoring concern,
2021,24.0,2.0,2,4.0,married,24.0,4.0,66.0,107.0,69.0,4.0,20-24,0,Lower monitoring concern,
2021,34.0,1.0,1,2.0,married,33.0,3.0,57.0,110.0,60.0,3.0,25+,0,Lower monitoring concern,
2021,21.0,0.0,0,1.0,married,26.0,2.0,56.0,105.0,60.0,3.0,20-24,0,Lower monitoring concern,
2021,37.0,0.0,0,1.0,married,23.0,4.0,50.0,110.0,70.0,3.0,25+,1,Lower monitoring concern,Age 35 or above
2021,26.0,0.0,0,1.0,married,30.0,5.0,58.0,100.0,60.0,3.0,25+,0,Lower monitoring concern,
2021,36.0,2.0,2,4.0,married,28.0,7.0,65.0,125.0,80.0,3.0,25+,1,Lower monitoring concern,Age 35 or above
2021,35.0,2.0,2,3.0,married,22.0,3.0,68.5,110.0,60.0,3.0,25+,1,Lower monitoring concern,Age 35 or above
2021,34.0,1.0,1,2.0,married,28.0,7.0,63.0,100.0,60.0,3.0,25+,0,Lower monitoring concern,
2021,27.0,1.0,1,2.0,married,35.0,3.0,65.0,110.0,70.0,3.0,25+,0,Lower monitoring concern,
2021,37.0,0.0,0,1.0,married,29.0,7.0,100.5,105.0,60.0,3.0,25+,1,Lower monitoring concern,Age 35 or above
2021,25.0,0.0,0,1.0,married,31.0,2.0,64.0,100.0,60.0,3.0,25+,0,Lower monitoring concern,
2021,35.0,2.0,2,4.0,married,34.0,1.0,76.0,135.0,80.0,3.0,25+,2,Moderate monitoring concern,Age 35 or above; Low recorded ANC visits
2021,24.0,1.0,1,2.0,married,17.0,3.0,57.0,110.0,60.0,3.0,20-24,0,Lower monitoring concern,
2021,31.0,1.0,1,2.0,married,24.0,2.0,58.0,101.0,32.0,3.0,25+,0,Lower monitoring concern,
2021,21.0,0.0,0,1.0,married,29.0,2.0,56.4,114.0,84.0,3.0,20-24,0,Lower monitoring concern,
2021,28.0,0.0,0,1.0,married,30.0,4.0,74.0,113.0,72.0,4.0,25+,0,Lower monitoring concern,
2021,39.0,2.0,2,3.0,married,24.0,3.0,66.0,107.0,69.0,4.0,25+,1,Lower monitoring concern,Age 35 or above
2021,29.0,4.0,3+,5.0,married,31.0,2.0,81.0,112.0,62.0,4.0,25+,1,Lower monitoring concern,High parity
2021,20.0,2.0,2,3.0,married,12.0,3.0,81.5,112.0,62.0,4.0,20-24,0,Lower monitoring concern,
2021,30.0,4.0,3+,6.0,married,35.0,6.0,82.0,100.0,68.0,4.0,25+,1,Lower monitoring concern,High parity
2021,28.0,0.0,0,2.0,married,28.0,7.0,57.0,92.0,61.0,4.0,25+,0,Lower monitoring concern,
2021,30.0,1.0,1,2.0,married,25.0,2.0,82.0,122.0,69.0,4.0,25+,0,Lower monitoring concern,
2021,35.0,2.0,2,3.0,married,35.0,4.0,65.0,110.0,70.0,4.0,25+,1,Lower monitoring concern,Age 35 or above
2021,35.0,3.0,3+,4.0,married,30.0,4.0,80.0,120.0,80.0,4.0,25+,1,Lower monitoring concern,Age 35 or above
2021,34.0,0.0,0,1.0,married,32.0,5.0,76.0,120.0,80.0,4.0,25+,0,Lower monitoring concern,
2021,24.0,2.0,2,3.0,married,18.0,4.0,53.0,100.0,60.0,4.0,20-24,0,Lower monitoring concern,
2021,25.0,0.0,0,1.0,married,21.0,7.0,61.0,100.0,60.0,4.0,25+,0,Lower monitoring concern,
2021,31.0,0.0,0,2.0,married,29.0,3.0,68.5,120.0,68.0,3.0,25+,0,Lower monitoring concern,
2021,23.0,0.0,0,1.0,married,21.0,1.0,65.0,100.0,70.0,3.0,20-24,1,Lower monitoring concern,Low recorded ANC visits
2021,42.0,2.0,2,3.0,married,21.0,3.0,76.0,130.0,80.0,3.0,25+,1,Lower monitoring concern,Age 35 or above
2021,29.0,0.0,0,1.0,married,29.0,7.0,64.0,110.0,60.0,3.0,25+,0,Lower monitoring concern,
2021,31.0,2.0,2,3.0,married,33.0,5.0,76.0,100.0,60.0,4.0,25+,0,Lower monitoring concern,
2021,25.0,0.0,0,1.0,married,30.0,9.0,71.0,100.0,60.0,3.0,25+,0,Lower monitoring concern,
2021,33.0,2.0,2,4.0,married,37.0,2.0,72.0,110.0,70.0,3.0,25+,0,Lower monitoring concern,
2021,33.0,1.0,1,2.0,married,26.0,9.0,91.0,103.0,62.0,3.0,25+,0,Lower monitoring concern,
2021,24.0,0.0,0,1.0,married,30.0,1.0,55.0,110.0,80.0,3.0,20-24,1,Lower monitoring concern,Low recorded ANC visits
2021,20.0,0.0,0,1.0,married,34.0,3.0,74.0,110.0,70.0,4.0,20-24,0,Lower monitoring concern,
2021,23.0,0.0,0,1.0,married,21.0,3.0,82.0,110.0,80.0,3.0,20-24,0,Lower monitoring concern,
2021,24.0,1.0,1,2.0,married,28.0,4.0,57.0,110.0,62.0,3.0,20-24,0,Lower monitoring concern,
2021,24.0,2.0,2,3.0,married,28.0,4.0,63.0,115.0,63.0,3.0,20-24,0,Lower monitoring concern,
2021,22.0,1.0,1,2.0,married,29.0,1.0,41.6,105.0,62.0,2.0,20-24,1,Lower monitoring concern,Low recorded ANC visits
2021,30.0,1.0,1,4.0,married,18.0,2.0,74.0,112.0,60.0,2.0,25+,0,Lower monitoring concern,
2021,26.0,0.0,0,1.0,married,26.0,3.0,63.0,100.0,60.0,4.0,25+,0,Lower monitoring concern,
2021,36.0,4.0,3+,5.0,married,28.0,3.0,68.0,120.0,80.0,4.0,25+,2,Moderate monitoring concern,Age 35 or above; High parity
2021,30.0,1.0,1,2.0,married,34.0,3.0,74.0,155.0,60.0,2.0,25+,2,Moderate monitoring concern,Elevated systolic BP
2021,30.0,2.0,2,3.0,married,24.0,3.0,52.0,160.0,56.0,2.0,25+,2,Moderate monitoring concern,Elevated systolic BP
2021,30.0,2.0,2,3.0,married,20.0,3.0,77.5,110.0,70.0,4.0,25+,0,Lower monitoring concern,
2021,21.0,2.0,2,3.0,married,21.0,2.0,58.5,110.0,60.0,2.0,20-24,0,Lower monitoring concern,
2021,33.0,3.0,3+,4.0,married,28.0,3.0,62.0,120.0,62.0,3.0,25+,0,Lower monitoring concern,
2021,33.0,0.0,0,1.0,married,20.0,1.0,77.0,140.0,102.0,4.0,25+,5,Higher monitoring concern,Elevated systolic BP; Elevated diastolic BP; Low recorded ANC visits
2021,35.0,2.0,2,4.0,married,25.0,4.0,65.0,125.0,80.0,3.0,25+,1,Lower monitoring concern,Age 35 or above
2021,24.0,0.0,0,1.0,married,31.0,3.0,85.0,110.0,60.0,2.0,20-24,0,Lower monitoring concern,
2021,23.0,0.0,0,1.0,married,31.0,2.0,77.5,155.0,62.0,2.0,20-24,2,Moderate monitoring concern,Elevated systolic BP
2021,32.0,1.0,1,2.0,married,24.0,4.0,63.0,152.0,80.0,2.0,25+,2,Moderate monitoring concern,Elevated systolic BP
2021,25.0,0.0,0,1.0,married,33.0,6.0,58.0,120.0,60.0,2.0,25+,0,Lower monitoring concern,
2021,22.0,2.0,2,3.0,married,24.0,3.0,78.0,120.0,60.0,2.0,20-24,0,Lower monitoring concern,
2021,35.0,1.0,1,3.0,married,36.0,1.0,95.0,164.0,75.0,4.0,25+,4,Higher monitoring concern,Age 35 or above; Elevated systolic BP; Low recorded ANC visits
2021,33.0,2.0,2,3.0,married,24.0,2.0,62.5,162.0,82.0,4.0,25+,2,Moderate monitoring concern,Elevated systolic BP
2021,31.0,1.0,1,2.0,married,37.0,5.0,61.0,101.0,68.0,3.0,25+,0,Lower monitoring concern,
2021,31.0,2.0,2,3.0,divorced,29.0,3.0,76.0,110.0,70.0,4.0,25+,0,Lower monitoring concern,
2021,33.0,2.0,2,4.0,married,26.0,4.0,85.0,117.0,70.0,2.0,25+,0,Lower monitoring concern,
2021,29.0,1.0,1,2.0,married,30.0,3.0,74.0,148.0,74.0,3.0,25+,2,Moderate monitoring concern,Elevated systolic BP
2021,25.0,0.0,0,1.0,married,34.0,2.0,60.5,110.0,60.0,3.0,25+,0,Lower monitoring concern,
2021,33.0,2.0,2,3.0,married,36.0,3.0,74.0,180.0,100.0,2.0,25+,4,Higher monitoring concern,Elevated systolic BP; Elevated diastolic BP
2021,19.0,0.0,0,1.0,married,30.0,2.0,60.5,121.0,70.0,2.0,<20,1,Lower monitoring concern,Age below 20
2021,32.0,2.0,2,3.0,married,26.0,3.0,71.0,116.0,81.0,3.0,25+,0,Lower monitoring concern,
2021,23.0,0.0,0,1.0,married,40.0,4.0,62.0,121.0,78.0,2.0,20-24,0,Lower monitoring concern,
2021,33.0,0.0,0,1.0,married,27.0,2.0,82.0,110.0,60.0,2.0,25+,0,Lower monitoring concern,
2021,24.0,1.0,1,2.0,married,27.0,3.0,45.3,116.0,61.0,3.0,20-24,0,Lower monitoring concern,
2021,22.0,0.0,0,1.0,married,29.0,3.0,58.5,104.0,64.0,3.0,20-24,0,Lower monitoring concern,
2021,26.0,2.0,2,3.0,married,26.0,3.0,65.0,121.0,69.0,3.0,25+,0,Lower monitoring concern,
2021,29.0,3.0,3+,4.0,married,37.0,1.0,96.0,182.0,100.0,1.0,25+,5,Higher monitoring concern,Elevated systolic BP; Elevated diastolic BP; Low recorded ANC visits
2021,24.0,1.0,1,2.0,married,21.0,1.0,75.5,116.0,70.0,1.0,20-24,1,Lower monitoring concern,Low recorded ANC visits
2021,21.0,1.0,1,2.0,married,19.0,2.0,67.0,116.0,81.0,2.0,20-24,0,Lower monitoring concern,
2021,40.0,1.0,1,2.0,married,34.0,3.0,96.0,119.0,80.0,3.0,25+,1,Lower monitoring concern,Age 35 or above
2021,33.0,3.0,3+,4.0,married,38.0,4.0,65.5,126.0,80.0,4.0,25+,0,Lower monitoring concern,
2021,19.0,1.0,1,2.0,married,17.0,2.0,57.0,110.0,60.0,2.0,<20,1,Lower monitoring concern,Age below 20
2021,23.0,0.0,0,1.0,married,29.0,3.0,64.0,104.0,62.0,3.0,20-24,0,Lower monitoring concern,
2021,26.0,0.0,0,1.0,married,29.0,2.0,64.0,110.0,60.0,3.0,25+,0,Lower monitoring concern,
2021,31.0,2.0,2,3.0,married,34.0,4.0,56.0,110.0,70.0,3.0,25+,0,Lower monitoring concern,
2021,32.0,1.0,1,2.0,married,36.0,2.0,71.0,100.0,60.0,3.0,25+,0,Lower monitoring concern,
2021,25.0,0.0,0,1.0,married,36.0,4.0,74.0,100.0,70.0,2.0,25+,0,Lower monitoring concern,
2021,40.0,4.0,3+,5.0,married,28.0,2.0,82.5,112.0,60.0,3.0,25+,2,Moderate monitoring concern,Age 35 or above; High parity
2021,25.0,0.0,0,1.0,married,28.0,3.0,56.0,100.0,52.0,3.0,25+,0,Lower monitoring concern,
2021,23.0,0.0,0,1.0,married,24.0,4.0,73.5,156.0,109.0,2.0,20-24,4,Higher monitoring concern,Elevated systolic BP; Elevated diastolic BP
2021,25.0,0.0,0,1.0,married,30.0,7.0,74.5,100.0,68.0,3.0,25+,0,Lower monitoring concern,
2021,29.0,1.0,1,4.0,married,34.0,2.0,57.0,157.0,61.0,4.0,25+,2,Moderate monitoring concern,Elevated systolic BP
2021,25.0,0.0,0,1.0,married,26.0,2.0,72.5,110.0,70.0,2.0,25+,0,Lower monitoring concern,
2021,33.0,2.0,2,3.0,married,23.0,3.0,65.5,95.0,61.0,3.0,25+,0,Lower monitoring concern,
2021,35.0,2.0,2,3.0,married,28.0,3.0,65.0,102.0,65.0,3.0,25+,1,Lower monitoring concern,Age 35 or above
2021,23.0,0.0,0,1.0,married,21.0,1.0,62.0,100.0,62.0,3.0,20-24,1,Lower monitoring concern,Low recorded ANC visits
2021,24.0,3.0,3+,4.0,married,23.0,3.0,65.0,162.0,90.0,3.0,20-24,4,Higher monitoring concern,Elevated systolic BP; Elevated diastolic BP
2021,23.0,2.0,2,3.0,married,26.0,3.0,65.0,162.0,65.0,3.0,20-24,2,Moderate monitoring concern,Elevated systolic BP
2021,21.0,0.0,0,1.0,married,28.0,2.0,59.0,160.0,59.0,3.0,20-24,2,Moderate monitoring concern,Elevated systolic BP
2021,29.0,2.0,2,3.0,married,35.0,3.0,60.0,135.0,90.0,2.0,25+,2,Moderate monitoring concern,Elevated diastolic BP
2021,33.0,2.0,2,3.0,married,29.0,4.0,64.0,102.0,60.0,3.0,25+,0,Lower monitoring concern,
2021,33.0,0.0,0,1.0,married,29.0,2.0,62.0,102.0,60.0,3.0,25+,0,Lower monitoring concern,
2021,23.0,0.0,0,1.0,married,30.0,4.0,61.0,103.0,60.0,3.0,20-24,0,Lower monitoring concern,
2021,26.0,0.0,0,1.0,married,35.0,4.0,61.0,101.0,63.0,3.0,25+,0,Lower monitoring concern,
2021,27.0,3.0,3+,4.0,married,29.0,4.0,55.0,106.0,55.0,3.0,25+,0,Lower monitoring concern,
2021,24.0,0.0,0,1.0,married,34.0,5.0,74.0,134.0,44.0,3.0,20-24,0,Lower monitoring concern,
2021,31.0,0.0,0,1.0,married,30.0,2.0,69.0,139.0,44.0,2.0,25+,0,Lower monitoring concern,
2021,35.0,2.0,2,3.0,married,24.0,3.0,92.0,120.0,80.0,2.0,25+,1,Lower monitoring concern,Age 35 or above
2021,30.0,0.0,0,2.0,married,24.0,2.0,63.0,153.0,62.0,2.0,25+,2,Moderate monitoring concern,Elevated systolic BP
2021,30.0,1.0,1,2.0,married,26.0,2.0,75.0,100.0,60.0,2.0,25+,0,Lower monitoring concern,
2021,35.0,2.0,2,3.0,married,24.0,3.0,62.0,163.0,62.0,2.0,25+,3,Moderate monitoring concern,Age 35 or above; Elevated systolic BP
2021,24.0,0.0,0,2.0,married,33.0,4.0,63.0,152.0,81.0,2.0,20-24,2,Moderate monitoring concern,Elevated systolic BP
2021,25.0,3.0,3+,4.0,married,32.0,3.0,68.0,162.0,81.0,3.0,25+,2,Moderate monitoring concern,Elevated systolic BP
2021,26.0,0.0,0,1.0,married,33.0,1.0,81.0,162.0,91.0,2.0,25+,5,Higher monitoring concern,Elevated systolic BP; Elevated diastolic BP; Low recorded ANC visits
2021,41.0,3.0,3+,4.0,married,33.0,2.0,76.0,155.0,76.0,2.0,25+,3,Moderate monitoring concern,Age 35 or above; Elevated systolic BP
2021,27.0,1.0,1,2.0,married,23.0,1.0,54.0,115.0,64.0,2.0,25+,1,Lower monitoring concern,Low recorded ANC visits
2021,35.0,0.0,0,1.0,married,35.0,2.0,60.5,110.0,70.0,2.0,25+,1,Lower monitoring concern,Age 35 or above
2021,30.0,3.0,3+,4.0,married,33.0,3.0,76.0,180.0,100.0,3.0,25+,4,Higher monitoring concern,Elevated systolic BP; Elevated diastolic BP
2021,25.0,0.0,0,1.0,married,30.0,3.0,64.0,104.0,62.0,3.0,25+,0,Lower monitoring concern,
2021,31.0,2.0,2,3.0,married,34.0,4.0,56.0,110.0,70.0,3.0,25+,0,Lower monitoring concern,
2021,32.0,1.0,1,2.0,married,36.0,2.0,71.0,100.0,60.0,3.0,25+,0,Lower monitoring concern,
2021,25.0,0.0,0,1.0,married,36.0,4.0,74.0,100.0,70.0,2.0,25+,0,Lower monitoring concern,
2021,40.0,4.0,3+,5.0,married,28.0,2.0,82.5,112.0,60.0,3.0,25+,2,Moderate monitoring concern,Age 35 or above; High parity
2021,25.0,0.0,0,1.0,married,28.0,3.0,56.0,100.0,52.0,3.0,25+,0,Lower monitoring concern,
2021,23.0,0.0,0,1.0,married,24.0,4.0,73.5,156.0,109.0,2.0,20-24,4,Higher monitoring concern,Elevated systolic BP; Elevated diastolic BP
2021,25.0,0.0,0,1.0,married,30.0,7.0,74.5,100.0,68.0,3.0,25+,0,Lower monitoring concern,
2021,29.0,1.0,1,4.0,married,34.0,2.0,57.0,157.0,61.0,4.0,25+,2,Moderate monitoring concern,Elevated systolic BP
2021,25.0,0.0,0,1.0,married,26.0,2.0,72.5,110.0,70.0,2.0,25+,0,Lower monitoring concern,
2021,33.0,2.0,2,3.0,married,23.0,3.0,65.5,95.0,61.0,3.0,25+,0,Lower monitoring concern,
2021,35.0,2.0,2,3.0,married,28.0,3.0,65.0,102.0,65.0,3.0,25+,1,Lower monitoring concern,Age 35 or above
2021,23.0,0.0,0,1.0,married,21.0,1.0,62.0,100.0,62.0,3.0,20-24,1,Lower monitoring concern,Low recorded ANC visits
2021,24.0,3.0,3+,4.0,married,23.0,3.0,65.0,162.0,90.0,3.0,20-24,4,Higher monitoring concern,Elevated systolic BP; Elevated diastolic BP
2021,23.0,2.0,2,3.0,married,26.0,3.0,65.0,162.0,65.0,3.0,20-24,2,Moderate monitoring concern,Elevated systolic BP
2021,21.0,0.0,0,1.0,married,28.0,2.0,59.0,160.0,59.0,3.0,20-24,2,Moderate monitoring concern,Elevated systolic BP
2021,29.0,2.0,2,3.0,married,35.0,3.0,60.5,135.0,90.0,2.0,25+,2,Moderate monitoring concern,Elevated diastolic BP
2021,33.0,2.0,2,3.0,married,29.0,4.0,64.0,102.0,60.0,3.0,25+,0,Lower monitoring concern,
2021,33.0,0.0,0,1.0,married,29.0,2.0,62.0,102.0,60.0,3.0,25+,0,Lower monitoring concern,
2021,23.0,0.0,0,1.0,married,30.0,4.0,61.0,103.0,60.0,3.0,20-24,0,Lower monitoring concern,
2021,26.0,0.0,0,1.0,married,35.0,4.0,61.0,101.0,63.0,3.0,25+,0,Lower monitoring concern,
2021,27.0,3.0,3+,4.0,married,29.0,4.0,55.0,106.0,55.0,3.0,25+,0,Lower monitoring concern,
2021,24.0,0.0,0,1.0,married,34.0,5.0,74.0,134.0,44.0,3.0,20-24,0,Lower monitoring concern,
2021,31.0,0.0,0,1.0,married,30.0,2.0,69.0,139.0,44.0,2.0,25+,0,Lower monitoring concern,
2021,35.0,2.0,2,3.0,married,24.0,3.0,92.0,120.0,80.0,2.0,25+,1,Lower monitoring concern,Age 35 or above
2021,30.0,0.0,0,2.0,married,24.0,2.0,63.0,153.0,62.0,2.0,25+,2,Moderate monitoring concern,Elevated systolic BP
2021,30.0,1.0,1,2.0,married,26.0,2.0,75.0,100.0,60.0,2.0,25+,0,Lower monitoring concern,
2021,35.0,2.0,2,3.0,married,24.0,3.0,62.0,163.0,62.0,2.0,25+,3,Moderate monitoring concern,Age 35 or above; Elevated systolic BP
2021,24.0,0.0,0,2.0,married,33.0,4.0,63.0,152.0,81.0,2.0,20-24,2,Moderate monitoring concern,Elevated systolic BP
2021,25.0,3.0,3+,4.0,married,32.0,3.0,68.0,162.0,81.0,3.0,25+,2,Moderate monitoring concern,Elevated systolic BP
2021,26.0,0.0,0,1.0,married,33.0,1.0,81.0,162.0,91.0,2.0,25+,5,Higher monitoring concern,Elevated systolic BP; Elevated diastolic BP; Low recorded ANC visits
2021,41.0,3.0,3+,4.0,married,33.0,2.0,76.0,155.0,76.0,2.0,25+,3,Moderate monitoring concern,Age 35 or above; Elevated systolic BP
2021,27.0,1.0,1,2.0,married,23.0,1.0,54.0,115.0,64.0,2.0,25+,1,Lower monitoring concern,Low recorded ANC visits
2021,23.0,0.0,0,1.0,married,36.0,6.0,60.5,137.0,83.0,4.0,20-24,0,Lower monitoring concern,
2021,31.0,0.0,0,1.0,married,24.0,3.0,48.0,100.0,63.0,3.0,25+,0,Lower monitoring concern,
2021,22.0,0.0,0,1.0,married,35.0,3.0,64.0,102.0,62.0,4.0,20-24,0,Lower monitoring concern,
2021,24.0,2.0,2,3.0,married,22.0,3.0,62.0,101.0,62.0,4.0,20-24,0,Lower monitoring concern,
2021,22.0,1.0,1,2.0,married,25.0,4.0,64.0,102.0,62.0,4.0,20-24,0,Lower monitoring concern,
2021,21.0,0.0,0,1.0,married,35.0,3.0,62.0,101.0,62.0,4.0,20-24,0,Lower monitoring concern,
2021,31.0,1.0,1,2.0,married,33.0,4.0,60.0,115.0,70.0,4.0,25+,0,Lower monitoring concern,
2021,22.0,0.0,0,1.0,married,24.0,4.0,55.0,102.0,62.0,4.0,20-24,0,Lower monitoring concern,
2021,19.0,1.0,1,2.0,married,27.0,4.0,57.0,102.0,60.0,4.0,<20,1,Lower monitoring concern,Age below 20
2021,22.0,0.0,0,1.0,married,26.0,1.0,53.0,115.0,70.0,4.0,20-24,1,Lower monitoring concern,Low recorded ANC visits
2021,21.0,0.0,0,1.0,married,21.0,4.0,51.0,151.0,60.0,2.0,20-24,2,Moderate monitoring concern,Elevated systolic BP
2021,24.0,0.0,0,1.0,married,27.0,1.0,70.0,157.0,90.0,4.0,20-24,5,Higher monitoring concern,Elevated systolic BP; Elevated diastolic BP; Low recorded ANC visits
2021,22.0,5.0,3+,6.0,married,35.0,5.0,53.0,115.0,73.0,4.0,20-24,1,Lower monitoring concern,High parity
2021,23.0,0.0,0,1.0,married,31.0,3.0,56.0,156.0,61.0,4.0,20-24,2,Moderate monitoring concern,Elevated systolic BP
2021,23.0,1.0,1,2.0,married,30.0,5.0,73.0,159.0,73.0,4.0,20-24,2,Moderate monitoring concern,Elevated systolic BP
2021,23.0,0.0,0,1.0,married,29.0,3.0,61.0,162.0,85.0,4.0,20-24,2,Moderate monitoring concern,Elevated systolic BP
2021,24.0,4.0,3+,5.0,married,31.0,4.0,61.0,157.0,61.0,4.0,20-24,3,Moderate monitoring concern,Elevated systolic BP; High parity
2021,21.0,0.0,0,1.0,married,31.0,1.0,63.0,163.0,53.0,4.0,20-24,3,Moderate monitoring concern,Elevated systolic BP; Low recorded ANC visits
2021,23.0,0.0,0,1.0,married,35.0,3.0,65.0,156.0,65.0,4.0,20-24,2,Moderate monitoring concern,Elevated systolic BP
2021,23.0,0.0,0,1.0,married,26.0,2.0,62.0,162.0,65.0,4.0,20-24,2,Moderate monitoring concern,Elevated systolic BP
2021,29.0,0.0,0,1.0,married,34.0,1.0,63.0,161.0,63.0,2.0,25+,3,Moderate monitoring concern,Elevated systolic BP; Low recorded ANC visits
2021,33.0,6.0,3+,7.0,married,35.0,3.0,75.0,169.0,100.0,4.0,25+,5,Higher monitoring concern,Elevated systolic BP; Elevated diastolic BP; High parity
2021,30.0,2.0,2,3.0,married,28.0,3.0,85.0,173.0,85.0,4.0,25+,2,Moderate monitoring concern,Elevated systolic BP
2021,39.0,0.0,0,1.0,married,35.0,1.0,64.0,159.0,62.0,4.0,25+,4,Higher monitoring concern,Age 35 or above; Elevated systolic BP; Low recorded ANC visits
2021,35.0,0.0,0,1.0,married,19.0,2.0,76.0,142.0,76.0,4.0,25+,3,Moderate monitoring concern,Age 35 or above; Elevated systolic BP
2021,32.0,2.0,2,3.0,married,38.0,1.0,83.0,137.0,102.0,4.0,25+,3,Moderate monitoring concern,Elevated diastolic BP; Low recorded ANC visits
2021,23.0,0.0,0,1.0,married,32.0,3.0,64.0,162.0,64.0,4.0,20-24,2,Moderate monitoring concern,Elevated systolic BP
2021,19.0,0.0,0,1.0,married,24.0,2.0,83.0,172.0,85.0,4.0,<20,3,Moderate monitoring concern,Age below 20; Elevated systolic BP
2021,28.0,1.0,1,2.0,married,30.0,3.0,61.0,156.0,96.0,4.0,25+,4,Higher monitoring concern,Elevated systolic BP; Elevated diastolic BP
2021,28.0,3.0,3+,4.0,married,31.0,3.0,62.0,157.0,62.0,4.0,25+,2,Moderate monitoring concern,Elevated systolic BP
2021,29.0,0.0,0,1.0,married,26.0,1.0,60.0,158.0,58.0,4.0,25+,3,Moderate monitoring concern,Elevated systolic BP; Low recorded ANC visits
2021,23.0,0.0,0,1.0,married,24.0,2.0,60.0,164.0,60.0,4.0,20-24,2,Moderate monitoring concern,Elevated systolic BP
2021,24.0,2.0,2,3.0,married,23.0,3.0,63.0,163.0,62.0,4.0,20-24,2,Moderate monitoring concern,Elevated systolic BP
2021,29.0,0.0,0,2.0,married,35.0,5.0,64.0,164.0,67.0,4.0,25+,2,Moderate monitoring concern,Elevated systolic BP
2021,23.0,0.0,0,1.0,married,20.0,3.0,78.0,156.0,78.0,2.0,20-24,2,Moderate monitoring concern,Elevated systolic BP
2021,22.0,0.0,0,1.0,married,26.0,2.0,60.0,153.0,60.0,2.0,20-24,2,Moderate monitoring concern,Elevated systolic BP
2021,26.0,0.0,0,1.0,married,38.0,3.0,60.0,161.0,63.0,2.0,25+,2,Moderate monitoring concern,Elevated systolic BP
2021,22.0,0.0,0,1.0,married,38.0,5.0,83.0,112.0,83.0,2.0,20-24,0,Lower monitoring concern,
2021,23.0,0.0,0,1.0,married,32.0,2.0,58.0,155.0,58.0,2.0,20-24,2,Moderate monitoring concern,Elevated systolic BP
2021,32.0,1.0,1,2.0,married,24.0,5.0,58.0,156.0,55.0,2.0,25+,2,Moderate monitoring concern,Elevated systolic BP
2021,37.0,0.0,0,1.0,married,38.0,2.0,55.0,153.0,60.0,2.0,25+,3,Moderate monitoring concern,Age 35 or above; Elevated systolic BP
2021,39.0,0.0,0,1.0,married,34.0,1.0,66.0,155.0,54.0,2.0,25+,4,Higher monitoring concern,Age 35 or above; Elevated systolic BP; Low recorded ANC visits
2021,35.0,3.0,3+,4.0,married,35.0,2.0,81.0,161.0,81.0,2.0,25+,3,Moderate monitoring concern,Age 35 or above; Elevated systolic BP
2021,36.0,1.0,1,2.0,married,30.0,3.0,71.0,182.0,81.0,2.0,25+,3,Moderate monitoring concern,Age 35 or above; Elevated systolic BP
2021,28.0,2.0,2,3.0,married,32.0,4.0,74.0,162.0,102.0,2.0,25+,4,Higher monitoring concern,Elevated systolic BP; Elevated diastolic BP
2021,31.0,1.0,1,2.0,married,26.0,2.0,81.0,163.0,81.0,2.0,25+,2,Moderate monitoring concern,Elevated systolic BP
2021,26.0,0.0,0,1.0,married,30.0,2.0,53.0,153.0,98.0,2.0,25+,4,Higher monitoring concern,Elevated systolic BP; Elevated diastolic BP
2021,25.0,1.0,1,2.0,married,34.0,4.0,90.0,166.0,90.0,2.0,25+,4,Higher monitoring concern,Elevated systolic BP; Elevated diastolic BP
2021,40.0,0.0,0,1.0,married,40.0,1.0,80.0,167.0,80.0,2.0,25+,4,Higher monitoring concern,Age 35 or above; Elevated systolic BP; Low recorded ANC visits
2021,39.0,0.0,0,1.0,married,36.0,3.0,161.0,167.0,79.0,2.0,25+,3,Moderate monitoring concern,Age 35 or above; Elevated systolic BP; Weight requires verification
2021,32.0,1.0,1,2.0,married,36.0,4.0,56.0,163.0,56.0,2.0,25+,2,Moderate monitoring concern,Elevated systolic BP
2026,37.0,1.0,1,2.0,married,38.0,6.0,56.0,102.0,69.0,0.0,25+,1,Lower monitoring concern,Age 35 or above
2026,33.0,0.0,0,1.0,married,32.0,2.0,56.0,106.0,72.0,0.0,25+,0,Lower monitoring concern,
2026,32.0,2.0,2,4.0,married,22.0,1.0,57.0,108.0,73.0,1.0,25+,1,Lower monitoring concern,Low recorded ANC visits
2026,19.0,0.0,0,1.0,married,37.0,1.0,68.0,108.0,65.0,1.0,<20,2,Moderate monitoring concern,Age below 20; Low recorded ANC visits
2026,35.0,2.0,2,4.0,married,24.0,5.0,62.0,120.0,74.0,3.0,25+,1,Lower monitoring concern,Age 35 or above
2026,37.0,2.0,2,4.0,married,22.0,2.0,62.0,144.0,82.0,1.0,25+,3,Moderate monitoring concern,Age 35 or above; Elevated systolic BP
2026,32.0,2.0,2,3.0,married,30.0,3.0,80.0,130.0,90.0,0.0,25+,2,Moderate monitoring concern,Elevated diastolic BP
2026,25.0,0.0,0,1.0,married,22.0,3.0,60.0,110.0,64.0,0.0,25+,0,Lower monitoring concern,
2026,22.0,0.0,0,1.0,married,24.0,5.0,60.0,117.0,66.0,5.0,20-24,0,Lower monitoring concern,
2026,28.0,2.0,2,3.0,married,29.0,5.0,59.0,109.0,71.0,5.0,25+,0,Lower monitoring concern,
2026,35.0,2.0,2,3.0,married,35.0,3.0,70.0,115.0,72.0,3.0,25+,1,Lower monitoring concern,Age 35 or above
2026,24.0,0.0,0,1.0,married,32.0,2.0,86.0,116.0,77.0,3.0,20-24,0,Lower monitoring concern,
2026,36.0,0.0,0,1.0,married,19.0,4.0,58.0,116.0,78.0,5.0,25+,1,Lower monitoring concern,Age 35 or above
2026,23.0,1.0,1,2.0,married,14.0,1.0,65.0,118.0,98.0,5.0,20-24,3,Moderate monitoring concern,Elevated diastolic BP; Low recorded ANC visits
2026,35.0,1.0,1,2.0,married,30.0,3.0,88.0,115.0,65.0,1.0,25+,1,Lower monitoring concern,Age 35 or above
2026,26.0,0.0,0,1.0,married,20.0,3.0,85.0,111.0,68.0,3.0,25+,0,Lower monitoring concern,
2026,24.0,1.0,1,3.0,married,37.0,2.0,50.0,106.0,55.0,0.0,20-24,0,Lower monitoring concern,
2026,37.0,2.0,2,3.0,married,18.0,4.0,87.0,115.0,69.0,0.0,25+,1,Lower monitoring concern,Age 35 or above
2026,34.0,2.0,2,4.0,married,19.0,1.0,56.0,102.0,60.0,0.0,25+,1,Lower monitoring concern,Low recorded ANC visits
2026,24.0,1.0,1,2.0,married,30.0,5.0,90.0,103.0,65.0,1.0,20-24,0,Lower monitoring concern,
2026,28.0,1.0,1,2.0,married,33.0,4.0,66.0,110.0,70.0,0.0,25+,0,Lower monitoring concern,
2026,24.0,1.0,1,2.0,married,28.0,4.0,68.0,96.0,60.0,0.0,20-24,0,Lower monitoring concern,
2026,38.0,1.0,1,2.0,married,18.0,3.0,79.0,112.0,73.0,3.0,25+,1,Lower monitoring concern,Age 35 or above
2026,27.0,1.0,1,2.0,married,27.0,5.0,61.0,117.0,71.0,3.0,25+,0,Lower monitoring concern,
2026,29.0,0.0,0,1.0,married,40.0,5.0,89.0,120.0,70.0,5.0,25+,0,Lower monitoring concern,
2026,35.0,1.0,1,2.0,married,24.0,7.0,60.0,94.0,62.0,5.0,25+,1,Lower monitoring concern,Age 35 or above
2026,27.0,1.0,1,2.0,married,40.0,2.0,60.0,102.0,61.0,7.0,25+,0,Lower monitoring concern,
2026,35.0,2.0,2,3.0,divorced,31.0,3.0,68.0,111.0,51.0,2.0,25+,1,Lower monitoring concern,Age 35 or above
2026,30.0,1.0,1,2.0,married,23.0,3.0,63.0,109.0,73.0,3.0,25+,0,Lower monitoring concern,
2026,30.0,0.0,0,1.0,married,18.0,3.0,62.0,115.0,72.0,3.0,25+,0,Lower monitoring concern,
2026,29.0,0.0,0,1.0,married,24.0,3.0,79.0,125.0,82.0,2.0,25+,0,Lower monitoring concern,
2026,35.0,3.0,3+,5.0,married,13.0,1.0,69.0,100.0,60.0,2.0,25+,2,Moderate monitoring concern,Age 35 or above; Low recorded ANC visits
2026,27.0,1.0,1,2.0,married,39.0,3.0,58.0,99.0,70.0,2.0,25+,0,Lower monitoring concern,
2026,34.0,1.0,1,2.0,married,12.0,1.0,54.0,95.0,72.0,0.0,25+,1,Lower monitoring concern,Low recorded ANC visits
2026,28.0,2.0,2,4.0,married,27.0,2.0,50.0,102.0,62.0,0.0,25+,0,Lower monitoring concern,
2026,29.0,1.0,1,2.0,married,26.0,2.0,63.0,110.0,70.0,2.0,25+,0,Lower monitoring concern,
2026,24.0,1.0,1,2.0,married,28.0,6.0,80.0,95.0,60.0,2.0,20-24,0,Lower monitoring concern,
2026,26.0,2.0,2,4.0,married,13.0,5.0,54.0,102.0,70.0,2.0,25+,0,Lower monitoring concern,
2026,19.0,0.0,0,1.0,married,27.0,7.0,54.0,110.0,72.0,2.0,<20,1,Lower monitoring concern,Age below 20
2026,24.0,0.0,0,1.0,married,34.0,2.0,78.0,96.0,60.0,2.0,20-24,0,Lower monitoring concern,
2026,21.0,1.0,1,2.0,married,34.0,5.0,68.0,117.0,71.0,2.0,20-24,0,Lower monitoring concern,
2026,20.0,0.0,0,1.0,married,12.0,4.0,61.0,119.0,73.0,2.0,20-24,0,Lower monitoring concern,
2026,33.0,2.0,2,3.0,married,10.0,1.0,58.0,98.0,62.0,2.0,25+,1,Lower monitoring concern,Low recorded ANC visits
2026,21.0,1.0,1,2.0,single,16.0,2.0,60.0,118.0,67.0,1.0,20-24,0,Lower monitoring concern,
2026,38.0,2.0,2,4.0,single,30.0,1.0,73.0,118.0,67.0,3.0,25+,2,Moderate monitoring concern,Age 35 or above; Low recorded ANC visits
2026,39.0,2.0,2,4.0,single,18.0,3.0,105.0,106.0,61.0,1.0,25+,1,Lower monitoring concern,Age 35 or above
2026,25.0,0.0,0,1.0,single,26.0,2.0,55.0,109.0,64.0,1.0,25+,0,Lower monitoring concern,
2026,29.0,1.0,1,2.0,single,14.0,3.0,69.0,115.0,69.0,1.0,25+,0,Lower monitoring concern,
2026,19.0,0.0,0,1.0,single,31.0,6.0,51.0,123.0,82.0,3.0,<20,1,Lower monitoring concern,Age below 20
2026,30.0,3.0,3+,4.0,single,34.0,1.0,88.0,119.0,70.0,3.0,25+,1,Lower monitoring concern,Low recorded ANC visits
2026,34.0,1.0,1,2.0,single,27.0,1.0,54.0,99.0,72.0,3.0,25+,1,Lower monitoring concern,Low recorded ANC visits
2026,26.0,1.0,1,2.0,single,30.0,4.0,90.0,103.0,65.0,1.0,25+,0,Lower monitoring concern,
2026,38.0,3.0,3+,4.0,single,22.0,6.0,66.0,112.0,73.0,3.0,25+,1,Lower monitoring concern,Age 35 or above
2026,24.0,1.0,1,2.0,single,24.0,3.0,68.0,96.0,60.0,3.0,20-24,0,Lower monitoring concern,
2026,29.0,0.0,0,1.0,single,18.0,6.0,83.0,115.0,68.0,0.0,25+,0,Lower monitoring concern,
2026,35.0,1.0,1,2.0,single,20.0,2.0,50.0,106.0,55.0,7.0,25+,1,Lower monitoring concern,Age 35 or above
2026,37.0,3.0,3+,4.0,single,37.0,4.0,75.0,109.0,71.0,3.0,25+,1,Lower monitoring concern,Age 35 or above
2026,30.0,1.0,1,2.0,single,14.0,6.0,62.0,98.0,62.0,4.0,25+,0,Lower monitoring concern,
2026,23.0,0.0,0,1.0,single,27.0,2.0,54.0,114.0,74.0,6.0,20-24,0,Lower monitoring concern,
2026,23.0,0.0,0,2.0,single,31.0,1.0,53.0,115.0,74.0,2.0,20-24,1,Lower monitoring concern,Low recorded ANC visits
2026,30.0,1.0,1,2.0,single,31.0,3.0,75.0,132.0,84.0,1.0,25+,0,Lower monitoring concern,
2026,26.0,0.0,0,1.0,single,7.0,3.0,74.0,106.0,76.0,3.0,25+,0,Lower monitoring concern,
2026,23.0,0.0,0,1.0,single,18.0,5.0,55.0,104.0,67.0,3.0,20-24,0,Lower monitoring concern,
2026,24.0,1.0,1,2.0,single,7.0,1.0,50.0,103.0,61.0,5.0,20-24,1,Lower monitoring concern,Low recorded ANC visits
2026,25.0,0.0,0,1.0,single,7.0,4.0,50.0,115.0,67.0,4.0,25+,0,Lower monitoring concern,
2026,29.0,0.0,0,1.0,single,8.0,4.0,71.0,118.0,70.0,4.0,25+,0,Lower monitoring concern,
2026,30.0,1.0,1,2.0,single,17.0,1.0,65.0,105.0,70.0,4.0,25+,1,Lower monitoring concern,Low recorded ANC visits
2026,36.0,1.0,1,2.0,single,31.0,1.0,55.0,110.0,70.0,0.0,25+,2,Moderate monitoring concern,Age 35 or above; Low recorded ANC visits
2026,36.0,0.0,0,1.0,single,4.0,4.0,50.0,111.0,68.0,1.0,25+,1,Lower monitoring concern,Age 35 or above
2026,24.0,0.0,0,1.0,single,29.0,1.0,59.0,119.0,60.0,0.0,20-24,1,Lower monitoring concern,Low recorded ANC visits
2026,31.0,3.0,3+,4.0,divorced,37.0,2.0,128.0,117.0,48.0,1.0,25+,0,Lower monitoring concern,
2026,40.0,5.0,3+,6.0,single,36.0,4.0,64.0,140.0,90.0,2.0,25+,6,Higher monitoring concern,Age 35 or above; Elevated systolic BP; Elevated diastolic BP; High parity
2026,26.0,0.0,0,1.0,single,22.0,3.0,59.0,121.0,79.0,4.0,25+,0,Lower monitoring concern,
2026,30.0,1.0,1,2.0,single,24.0,2.0,79.0,125.0,82.0,2.0,25+,0,Lower monitoring concern,
2026,19.0,0.0,0,1.0,single,11.0,5.0,59.0,100.0,60.0,1.0,<20,1,Lower monitoring concern,Age below 20
2026,36.0,1.0,1,2.0,single,28.0,1.0,98.0,134.0,87.0,0.0,25+,2,Moderate monitoring concern,Age 35 or above; Low recorded ANC visits
2026,32.0,2.0,2,3.0,single,19.0,3.0,71.0,106.0,65.0,1.0,25+,0,Lower monitoring concern,
2026,21.0,1.0,1,2.0,single,28.0,1.0,79.0,112.0,70.0,2.0,20-24,1,Lower monitoring concern,Low recorded ANC visits
2026,39.0,4.0,3+,5.0,single,17.0,3.0,95.0,115.0,71.0,1.0,25+,2,Moderate monitoring concern,Age 35 or above; High parity
2026,28.0,3.0,3+,4.0,single,33.0,2.0,77.0,132.0,82.0,1.0,25+,0,Lower monitoring concern,
2026,34.0,2.0,2,4.0,single,18.0,2.0,56.0,101.0,61.0,0.0,25+,0,Lower monitoring concern,
2026,32.0,2.0,2,3.0,single,36.0,1.0,78.0,109.0,67.0,2.0,25+,1,Lower monitoring concern,Low recorded ANC visits
2026,29.0,1.0,1,2.0,single,24.0,1.0,53.0,125.0,82.0,0.0,25+,1,Lower monitoring concern,Low recorded ANC visits
2026,33.0,0.0,0,1.0,single,25.0,2.0,74.0,110.0,70.0,0.0,25+,0,Lower monitoring concern,
2026,25.0,0.0,0,1.0,single,34.0,5.0,52.0,102.0,62.0,0.0,25+,0,Lower monitoring concern,
2026,36.0,0.0,0,1.0,single,19.0,1.0,52.0,118.0,78.0,0.0,25+,2,Moderate monitoring concern,Age 35 or above; Low recorded ANC visits
2026,22.0,0.0,0,1.0,single,32.0,3.0,70.0,130.0,80.0,0.0,20-24,0,Lower monitoring concern,
2026,25.0,0.0,0,1.0,single,31.0,3.0,62.0,124.0,72.0,0.0,25+,0,Lower monitoring concern,
2026,23.0,0.0,0,1.0,single,28.0,5.0,65.0,124.0,70.0,0.0,20-24,0,Lower monitoring concern,
2026,25.0,1.0,1,2.0,single,27.0,2.0,86.0,124.0,72.0,6.0,25+,0,Lower monitoring concern,
2026,37.0,1.0,1,3.0,single,32.0,1.0,56.0,129.0,73.0,2.0,25+,2,Moderate monitoring concern,Age 35 or above; Low recorded ANC visits
2026,28.0,0.0,0,1.0,single,25.0,2.0,64.0,114.0,72.0,0.0,25+,0,Lower monitoring concern,
2026,24.0,0.0,0,1.0,single,27.0,3.0,64.0,128.0,72.0,2.0,20-24,0,Lower monitoring concern,
2026,31.0,3.0,3+,4.0,single,39.0,4.0,82.0,134.0,78.0,2.0,25+,0,Lower monitoring concern,
2026,29.0,1.0,1,2.0,single,34.0,4.0,69.0,121.0,71.0,4.0,25+,0,Lower monitoring concern,
2026,26.0,0.0,0,1.0,single,30.0,4.0,70.0,123.0,71.0,4.0,25+,0,Lower monitoring concern,
2026,36.0,0.0,0,1.0,single,14.0,1.0,81.0,128.0,81.0,4.0,25+,2,Moderate monitoring concern,Age 35 or above; Low recorded ANC visits
2026,31.0,0.0,0,1.0,single,24.0,2.0,60.0,110.0,60.0,1.0,25+,0,Lower monitoring concern,
2026,28.0,0.0,0,1.0,single,25.0,6.0,81.0,121.0,78.0,1.0,25+,0,Lower monitoring concern,
2026,37.0,1.0,1,5.0,single,28.0,2.0,60.0,103.0,63.0,0.0,25+,1,Lower monitoring concern,Age 35 or above
2026,30.0,0.0,0,2.0,single,37.0,1.0,82.0,119.0,69.0,0.0,25+,1,Lower monitoring concern,Low recorded ANC visits
2026,24.0,0.0,0,1.0,single,7.0,1.0,91.0,119.0,65.0,1.0,20-24,1,Lower monitoring concern,Low recorded ANC visits
2026,28.0,0.0,0,4.0,single,32.0,2.0,85.0,119.0,70.0,1.0,25+,0,Lower monitoring concern,
2026,26.0,3.0,3+,4.0,single,34.0,7.0,78.0,119.0,73.0,2.0,25+,0,Lower monitoring concern,
2026,23.0,2.0,2,3.0,single,24.0,5.0,92.0,102.0,67.0,3.0,20-24,0,Lower monitoring concern,
2026,25.0,0.0,0,2.0,single,11.0,3.0,62.0,106.0,70.0,3.0,25+,0,Lower monitoring concern,
2026,42.0,4.0,3+,6.0,single,28.0,3.0,76.0,128.0,65.0,3.0,25+,2,Moderate monitoring concern,Age 35 or above; High parity
2026,23.0,0.0,0,1.0,single,30.0,6.0,57.0,119.0,70.0,3.0,20-24,0,Lower monitoring concern,
2026,31.0,1.0,1,2.0,divorced,14.0,2.0,50.0,118.0,82.0,3.0,25+,0,Lower monitoring concern,
2026,30.0,1.0,1,2.0,married,19.0,6.0,75.0,103.0,57.0,3.0,25+,0,Lower monitoring concern,
2026,33.0,1.0,1,3.0,married,31.0,3.0,62.0,100.0,60.0,3.0,25+,0,Lower monitoring concern,
2026,33.0,0.0,0,1.0,married,28.0,4.0,49.0,125.0,73.0,3.0,25+,0,Lower monitoring concern,
2026,23.0,0.0,0,1.0,married,33.0,5.0,60.0,119.0,79.0,3.0,20-24,0,Lower monitoring concern,
2026,23.0,3.0,3+,4.0,married,13.0,5.0,58.0,108.0,70.0,3.0,20-24,0,Lower monitoring concern,
2026,23.0,1.0,1,2.0,married,34.0,2.0,55.0,117.0,77.0,0.0,20-24,0,Lower monitoring concern,
2026,25.0,0.0,0,1.0,single,20.0,2.0,68.0,112.0,71.0,0.0,25+,0,Lower monitoring concern,
2026,23.0,0.0,0,1.0,married,32.0,1.0,75.0,111.0,73.0,0.0,20-24,1,Lower monitoring concern,Low recorded ANC visits
2026,24.0,0.0,0,1.0,married,34.0,2.0,64.0,109.0,68.0,0.0,20-24,0,Lower monitoring concern,
2026,24.0,0.0,0,1.0,married,34.0,1.0,64.0,130.0,88.0,0.0,20-24,1,Lower monitoring concern,Low recorded ANC visits
2026,26.0,1.0,1,5.0,married,30.0,1.0,68.0,119.0,74.0,0.0,25+,1,Lower monitoring concern,Low recorded ANC visits
2026,23.0,0.0,0,2.0,married,24.0,4.0,59.0,118.0,72.0,3.0,20-24,0,Lower monitoring concern,
2026,34.0,0.0,0,1.0,married,34.0,3.0,68.0,114.0,70.0,3.0,25+,0,Lower monitoring concern,
2026,24.0,0.0,0,4.0,married,24.0,5.0,63.0,105.0,67.0,3.0,20-24,0,Lower monitoring concern,
2026,39.0,3.0,3+,4.0,married,17.0,4.0,62.0,119.0,74.0,3.0,25+,1,Lower monitoring concern,Age 35 or above
2026,30.0,2.0,2,3.0,married,22.0,2.0,54.0,101.0,64.0,2.0,25+,0,Lower monitoring concern,
2026,31.0,0.0,0,2.0,married,36.0,4.0,74.0,115.0,77.0,2.0,25+,0,Lower monitoring concern,
2026,36.0,4.0,3+,6.0,married,19.0,2.0,57.0,110.0,70.0,4.0,25+,2,Moderate monitoring concern,Age 35 or above; High parity
2026,28.0,0.0,0,1.0,married,15.0,2.0,50.0,112.0,68.0,0.0,25+,0,Lower monitoring concern,
2026,30.0,1.0,1,2.0,married,19.0,2.0,51.0,110.0,69.0,0.0,25+,0,Lower monitoring concern,
2026,35.0,5.0,3+,6.0,married,21.0,3.0,57.0,149.0,90.0,3.0,25+,6,Higher monitoring concern,Age 35 or above; Elevated systolic BP; Elevated diastolic BP; High parity
2026,30.0,1.0,1,2.0,married,19.0,4.0,51.0,112.0,68.0,3.0,25+,0,Lower monitoring concern,
2026,25.0,1.0,1,2.0,married,26.0,1.0,60.0,105.0,61.0,0.0,25+,1,Lower monitoring concern,Low recorded ANC visits
2026,26.0,0.0,0,1.0,single,15.0,5.0,53.0,123.0,76.0,5.0,25+,0,Lower monitoring concern,
2026,30.0,2.0,2,4.0,married,10.0,4.0,43.0,108.0,67.0,5.0,25+,0,Lower monitoring concern,
2026,31.0,0.0,0,1.0,married,6.0,1.0,51.0,105.0,60.0,0.0,25+,1,Lower monitoring concern,Low recorded ANC visits
2026,26.0,2.0,2,4.0,married,17.0,7.0,58.0,113.0,72.0,0.0,25+,0,Lower monitoring concern,
2026,27.0,2.0,2,4.0,married,26.0,2.0,59.0,112.0,70.0,0.0,25+,0,Lower monitoring concern,
2026,21.0,2.0,2,3.0,single,20.0,6.0,55.0,117.0,74.0,0.0,20-24,0,Lower monitoring concern,
2026,32.0,0.0,0,1.0,married,32.0,2.0,54.0,116.0,76.0,0.0,25+,0,Lower monitoring concern,
2026,34.0,0.0,0,1.0,married,27.0,6.0,68.0,111.0,62.0,0.0,25+,0,Lower monitoring concern,
2026,23.0,2.0,2,3.0,married,36.0,4.0,65.0,112.0,61.0,5.0,20-24,0,Lower monitoring concern,
2026,37.0,2.0,2,3.0,married,16.0,1.0,56.0,126.0,73.0,4.0,25+,2,Moderate monitoring concern,Age 35 or above; Low recorded ANC visits
2026,28.0,0.0,0,1.0,married,12.0,6.0,62.0,110.0,66.0,1.0,25+,0,Lower monitoring concern,
2026,37.0,0.0,0,1.0,married,4.0,7.0,51.0,113.0,69.0,0.0,25+,1,Lower monitoring concern,Age 35 or above
2026,25.0,0.0,0,1.0,married,31.0,2.0,56.0,112.0,60.0,0.0,25+,0,Lower monitoring concern,
2026,43.0,2.0,2,3.0,married,20.0,2.0,47.0,110.0,60.0,2.0,25+,1,Lower monitoring concern,Age 35 or above
2026,24.0,0.0,0,1.0,married,39.0,1.0,65.0,123.0,70.0,1.0,20-24,1,Lower monitoring concern,Low recorded ANC visits
2026,24.0,0.0,0,1.0,married,28.0,4.0,94.0,109.0,69.0,0.0,20-24,0,Lower monitoring concern,
2026,36.0,2.0,2,3.0,married,29.0,5.0,78.0,124.0,72.0,0.0,25+,1,Lower monitoring concern,Age 35 or above
2026,30.0,0.0,0,1.0,married,37.0,3.0,61.0,116.0,61.0,3.0,25+,0,Lower monitoring concern,
2026,24.0,0.0,0,1.0,married,24.0,3.0,57.0,119.0,71.0,3.0,20-24,0,Lower monitoring concern,
2026,35.0,3.0,3+,5.0,married,28.0,2.0,53.0,130.0,82.0,3.0,25+,1,Lower monitoring concern,Age 35 or above
2026,36.0,0.0,0,1.0,married,36.0,6.0,84.0,109.0,67.0,3.0,25+,1,Lower monitoring concern,Age 35 or above
2026,23.0,2.0,2,3.0,married,7.0,3.0,64.0,110.0,70.0,4.0,20-24,0,Lower monitoring concern,
2026,36.0,1.0,1,2.0,married,32.0,6.0,58.0,119.0,71.0,4.0,25+,1,Lower monitoring concern,Age 35 or above
2026,33.0,0.0,0,1.0,married,21.0,1.0,55.0,112.0,67.0,4.0,25+,1,Lower monitoring concern,Low recorded ANC visits
2026,21.0,2.0,2,4.0,married,19.0,1.0,78.0,125.0,84.0,0.0,20-24,1,Lower monitoring concern,Low recorded ANC visits
2026,27.0,0.0,0,1.0,married,16.0,2.0,52.0,108.0,67.0,0.0,25+,0,Lower monitoring concern,
2026,25.0,2.0,2,4.0,married,10.0,7.0,87.0,126.0,81.0,2.0,25+,0,Lower monitoring concern,
2026,29.0,2.0,2,4.0,married,15.0,4.0,46.0,112.0,68.0,2.0,25+,0,Lower monitoring concern,
2026,22.0,2.0,2,3.0,married,34.0,2.0,59.0,100.0,62.0,3.0,20-24,0,Lower monitoring concern,
2026,24.0,0.0,0,1.0,married,3.0,2.0,59.0,105.0,68.0,0.0,20-24,0,Lower monitoring concern,
2026,41.0,0.0,0,1.0,married,19.0,6.0,61.0,114.0,74.0,0.0,25+,1,Lower monitoring concern,Age 35 or above
2026,30.0,2.0,2,3.0,married,32.0,1.0,90.0,117.0,72.0,5.0,25+,1,Lower monitoring concern,Low recorded ANC visits
2026,23.0,2.0,2,3.0,married,24.0,1.0,68.0,108.0,62.0,0.0,20-24,1,Lower monitoring concern,Low recorded ANC visits
2026,31.0,0.0,0,1.0,married,10.0,3.0,82.0,103.0,78.0,0.0,25+,0,Lower monitoring concern,
2026,28.0,0.0,0,1.0,married,31.0,2.0,57.0,115.0,79.0,2.0,25+,0,Lower monitoring concern,
2026,26.0,1.0,1,2.0,married,22.0,3.0,58.0,118.0,72.0,0.0,25+,0,Lower monitoring concern,
2026,24.0,1.0,1,2.0,married,31.0,6.0,60.0,119.0,79.0,0.0,20-24,0,Lower monitoring concern,
2026,32.0,0.0,0,1.0,married,21.0,5.0,66.0,110.0,70.0,3.0,25+,0,Lower monitoring concern,
2026,18.0,1.0,1,3.0,married,22.0,3.0,55.0,114.0,72.0,3.0,<20,1,Lower monitoring concern,Age below 20
2026,23.0,2.0,2,3.0,married,27.0,2.0,56.0,102.0,68.0,3.0,20-24,0,Lower monitoring concern,
2026,23.0,2.0,2,4.0,married,24.0,1.0,61.0,115.0,78.0,1.0,20-24,1,Lower monitoring concern,Low recorded ANC visits
2026,37.0,1.0,1,2.0,married,18.0,1.0,52.0,125.0,74.0,0.0,25+,2,Moderate monitoring concern,Age 35 or above; Low recorded ANC visits
2026,26.0,1.0,1,2.0,married,36.0,1.0,64.0,112.0,70.0,1.0,25+,1,Lower monitoring concern,Low recorded ANC visits
2026,34.0,1.0,1,2.0,married,32.0,3.0,69.0,119.0,71.0,3.0,25+,0,Lower monitoring concern,
2026,29.0,1.0,1,2.0,married,16.0,1.0,54.0,108.0,65.0,3.0,25+,1,Lower monitoring concern,Low recorded ANC visits
2026,36.0,1.0,1,2.0,single,36.0,5.0,57.0,116.0,70.0,3.0,25+,1,Lower monitoring concern,Age 35 or above
2026,38.0,0.0,0,1.0,married,11.0,2.0,48.0,105.0,60.0,3.0,25+,1,Lower monitoring concern,Age 35 or above
2026,20.0,1.0,1,2.0,married,40.0,3.0,89.0,125.0,80.0,3.0,20-24,0,Lower monitoring concern,
2026,26.0,1.0,1,2.0,married,32.0,5.0,56.0,111.0,70.0,5.0,25+,0,Lower monitoring concern,
2026,40.0,2.0,2,3.0,married,12.0,3.0,67.0,131.0,83.0,1.0,25+,1,Lower monitoring concern,Age 35 or above
2026,23.0,1.0,1,2.0,married,38.0,4.0,62.0,123.0,77.0,4.0,20-24,0,Lower monitoring concern,
2026,38.0,0.0,0,1.0,married,21.0,2.0,64.0,120.0,79.0,2.0,25+,1,Lower monitoring concern,Age 35 or above
2026,35.0,0.0,0,1.0,married,36.0,3.0,75.0,119.0,74.0,2.0,25+,1,Lower monitoring concern,Age 35 or above
2026,27.0,3.0,3+,5.0,married,16.0,2.0,53.0,115.0,78.0,2.0,25+,0,Lower monitoring concern,
2026,32.0,1.0,1,2.0,married,27.0,1.0,61.0,109.0,69.0,1.0,25+,1,Lower monitoring concern,Low recorded ANC visits
2026,26.0,1.0,1,2.0,married,11.0,3.0,40.0,110.0,70.0,3.0,25+,0,Lower monitoring concern,
2026,36.0,2.0,2,4.0,married,32.0,4.0,68.0,131.0,81.0,3.0,25+,1,Lower monitoring concern,Age 35 or above
2026,30.0,1.0,1,2.0,married,16.0,7.0,96.0,119.0,79.0,0.0,25+,0,Lower monitoring concern,
2026,34.0,1.0,1,2.0,married,32.0,4.0,75.0,110.0,72.0,0.0,25+,0,Lower monitoring concern,
2026,24.0,2.0,2,4.0,married,12.0,1.0,64.0,125.0,79.0,1.0,20-24,1,Lower monitoring concern,Low recorded ANC visits
2026,28.0,0.0,0,1.0,married,32.0,6.0,55.0,109.0,67.0,3.0,25+,0,Lower monitoring concern,
2026,31.0,0.0,0,1.0,married,14.0,6.0,59.0,108.0,65.0,3.0,25+,0,Lower monitoring concern,
2026,28.0,1.0,1,2.0,married,36.0,3.0,78.0,112.0,70.0,0.0,25+,0,Lower monitoring concern,
2026,21.0,0.0,0,1.0,married,13.0,2.0,65.0,117.0,78.0,2.0,20-24,0,Lower monitoring concern,
2026,24.0,2.0,2,3.0,married,30.0,3.0,56.0,106.0,68.0,3.0,20-24,0,Lower monitoring concern,
2026,32.0,1.0,1,2.0,married,19.0,3.0,53.0,112.0,71.0,3.0,25+,0,Lower monitoring concern,
2026,27.0,2.0,2,4.0,married,20.0,5.0,68.0,110.0,72.0,3.0,25+,0,Lower monitoring concern,
2026,35.0,2.0,2,4.0,married,13.0,6.0,51.0,119.0,70.0,3.0,25+,1,Lower monitoring concern,Age 35 or above
2026,29.0,0.0,0,1.0,married,28.0,5.0,82.0,113.0,75.0,3.0,25+,0,Lower monitoring concern,
2026,28.0,1.0,1,2.0,married,20.0,3.0,60.0,115.0,71.0,3.0,25+,0,Lower monitoring concern,
2026,32.0,0.0,0,1.0,married,36.0,3.0,55.0,102.0,68.0,0.0,25+,0,Lower monitoring concern,
2026,31.0,0.0,0,1.0,married,30.0,2.0,63.0,118.0,74.0,0.0,25+,0,Lower monitoring concern,
2026,25.0,1.0,1,2.0,married,21.0,1.0,48.0,111.0,69.0,0.0,25+,1,Lower monitoring concern,Low recorded ANC visits
2026,27.0,0.0,0,1.0,married,13.0,3.0,60.0,114.0,72.0,3.0,25+,0,Lower monitoring concern,
2026,37.0,1.0,1,2.0,married,13.0,3.0,161.0,120.0,80.0,1.0,25+,1,Lower monitoring concern,Age 35 or above; Weight requires verification
2026,26.0,2.0,2,3.0,married,21.0,6.0,152.0,118.0,72.0,0.0,25+,0,Lower monitoring concern,Weight requires verification
2026,27.0,1.0,1,2.0,married,18.0,6.0,156.0,114.0,76.0,3.0,25+,0,Lower monitoring concern,Weight requires verification
2026,22.0,4.0,3+,5.0,married,38.0,1.0,158.0,118.0,72.0,1.0,20-24,2,Moderate monitoring concern,High parity; Low recorded ANC visits; Weight requires verification
2026,36.0,3.0,3+,4.0,married,34.0,3.0,156.0,119.0,70.0,1.0,25+,1,Lower monitoring concern,Age 35 or above; Weight requires verification
2026,28.0,2.0,2,4.0,married,16.0,1.0,164.0,131.0,82.0,0.0,25+,1,Lower monitoring concern,Low recorded ANC visits; Weight requires verification
2026,30.0,2.0,2,3.0,married,32.0,2.0,156.0,131.0,82.0,2.0,25+,0,Lower monitoring concern,Weight requires verification
2026,38.0,1.0,1,2.0,married,11.0,2.0,163.0,119.0,72.0,2.0,25+,1,Lower monitoring concern,Age 35 or above; Weight requires verification
2026,20.0,0.0,0,1.0,married,40.0,1.0,179.0,125.0,80.0,1.0,20-24,1,Lower monitoring concern,Low recorded ANC visits; Weight requires verification
2026,23.0,0.0,0,1.0,married,17.0,3.0,152.0,105.0,60.0,1.0,20-24,0,Lower monitoring concern,Weight requires verification
2026,32.0,0.0,0,1.0,married,28.0,1.0,158.0,114.0,73.0,0.0,25+,1,Lower monitoring concern,Low recorded ANC visits; Weight requires verification
2026,30.0,0.0,0,1.0,married,23.0,3.0,156.0,109.0,60.0,0.0,25+,0,Lower monitoring concern,Weight requires verification
2026,24.0,0.0,0,1.0,married,18.0,7.0,162.0,119.0,66.0,0.0,20-24,0,Lower monitoring concern,Weight requires verification
2026,25.0,0.0,0,1.0,married,24.0,2.0,160.0,102.0,68.0,1.0,25+,0,Lower monitoring concern,Weight requires verification
2026,33.0,1.0,1,2.0,married,19.0,2.0,151.0,129.0,83.0,1.0,25+,0,Lower monitoring concern,Weight requires verification
2026,27.0,1.0,1,3.0,married,24.0,1.0,161.0,129.0,83.0,1.0,25+,1,Lower monitoring concern,Low recorded ANC visits; Weight requires verification
2026,28.0,0.0,0,1.0,married,10.0,3.0,160.0,110.0,68.0,1.0,25+,0,Lower monitoring concern,Weight requires verification
2026,30.0,0.0,0,1.0,married,28.0,5.0,171.0,117.0,74.0,3.0,25+,0,Lower monitoring concern,Weight requires verification
2026,26.0,3.0,3+,4.0,married,23.0,2.0,159.0,112.0,72.0,0.0,25+,0,Lower monitoring concern,Weight requires verification
2026,29.0,1.0,1,2.0,married,27.0,4.0,162.0,132.0,77.0,3.0,25+,0,Lower monitoring concern,Weight requires verification
2026,24.0,0.0,0,1.0,married,30.0,2.0,154.0,116.0,73.0,3.0,20-24,0,Lower monitoring concern,Weight requires verification
2026,26.0,0.0,0,1.0,married,28.0,3.0,155.0,119.0,62.0,0.0,25+,0,Lower monitoring concern,Weight requires verification
2026,26.0,0.0,0,1.0,married,24.0,5.0,163.0,110.0,66.0,1.0,25+,0,Lower monitoring concern,Weight requires verification
2026,23.0,0.0,0,1.0,married,5.0,1.0,162.0,102.0,65.0,1.0,20-24,1,Lower monitoring concern,Low recorded ANC visits; Weight requires verification
2026,23.0,1.0,1,5.0,married,28.0,4.0,168.0,112.0,65.0,1.0,20-24,0,Lower monitoring concern,Weight requires verification
2026,24.0,0.0,0,2.0,married,32.0,3.0,157.0,103.0,65.0,1.0,20-24,0,Lower monitoring concern,Weight requires verification
2026,30.0,0.0,0,1.0,married,27.0,4.0,163.0,110.0,66.0,1.0,25+,0,Lower monitoring concern,Weight requires verification
2026,32.0,0.0,0,4.0,married,24.0,1.0,157.0,105.0,65.0,2.0,25+,1,Lower monitoring concern,Low recorded ANC visits; Weight requires verification
2026,26.0,3.0,3+,4.0,married,33.0,3.0,147.0,99.0,59.0,0.0,25+,0,Lower monitoring concern,
2026,38.0,2.0,2,3.0,married,19.0,6.0,190.0,114.0,72.0,0.0,25+,1,Lower monitoring concern,Age 35 or above; Weight requires verification
2026,28.0,0.0,0,2.0,married,22.0,3.0,164.0,114.0,70.0,1.0,25+,0,Lower monitoring concern,Weight requires verification
2026,36.0,4.0,3+,6.0,married,25.0,2.0,154.0,105.0,70.0,1.0,25+,2,Moderate monitoring concern,Age 35 or above; High parity; Weight requires verification
2026,23.0,0.0,0,1.0,married,30.0,2.0,180.0,138.0,82.0,3.0,20-24,0,Lower monitoring concern,Weight requires verification
2026,27.0,1.0,1,2.0,divorced,21.0,8.0,153.0,118.0,82.0,0.0,25+,0,Lower monitoring concern,Weight requires verification
2026,24.0,2.0,2,3.0,married,17.0,5.0,160.0,115.0,77.0,3.0,20-24,0,Lower monitoring concern,Weight requires verification
2026,32.0,1.0,1,2.0,married,22.0,2.0,162.0,118.0,65.0,3.0,25+,0,Lower monitoring concern,Weight requires verification
2026,26.0,4.0,3+,5.0,married,9.0,5.0,165.0,105.0,60.0,2.0,25+,1,Lower monitoring concern,High parity; Weight requires verification
2026,31.0,3.0,3+,4.0,married,13.0,4.0,171.0,136.0,76.0,1.0,25+,0,Lower monitoring concern,Weight requires verification
2026,27.0,2.0,2,4.0,married,24.0,3.0,161.0,126.0,71.0,4.0,25+,0,Lower monitoring concern,Weight requires verification
2026,30.0,2.0,2,3.0,married,28.0,1.0,166.0,118.0,76.0,3.0,25+,1,Lower monitoring concern,Low recorded ANC visits; Weight requires verification
2026,32.0,1.0,1,2.0,married,33.0,3.0,151.0,119.0,75.0,0.0,25+,0,Lower monitoring concern,Weight requires verification
2026,28.0,0.0,0,1.0,married,35.0,6.0,75.0,116.0,76.0,1.0,25+,0,Lower monitoring concern,
2026,28.0,0.0,0,1.0,married,32.0,7.0,60.0,103.0,63.0,3.0,25+,0,Lower monitoring concern,
2026,26.0,0.0,0,1.0,married,32.0,2.0,62.0,116.0,76.0,7.0,25+,0,Lower monitoring concern,
2026,36.0,0.0,0,1.0,married,28.0,4.0,53.0,101.0,69.0,2.0,25+,1,Lower monitoring concern,Age 35 or above
2026,21.0,0.0,0,1.0,married,7.0,4.0,61.0,104.0,73.0,1.0,20-24,0,Lower monitoring concern,
2026,32.0,0.0,0,1.0,married,24.0,6.0,81.0,103.0,66.0,0.0,25+,0,Lower monitoring concern,
2026,23.0,1.0,1,2.0,married,23.0,6.0,63.0,121.0,73.0,5.0,20-24,0,Lower monitoring concern,
2026,26.0,1.0,1,3.0,married,27.0,2.0,69.0,104.0,69.0,3.0,25+,0,Lower monitoring concern,
2026,27.0,0.0,0,1.0,married,14.0,1.0,60.0,116.0,61.0,4.0,25+,1,Lower monitoring concern,Low recorded ANC visits
2026,32.0,0.0,0,1.0,married,35.0,2.0,49.0,115.0,69.0,4.0,25+,0,Lower monitoring concern,
2026,26.0,3.0,3+,4.0,married,19.0,1.0,68.0,96.0,61.0,0.0,25+,1,Lower monitoring concern,Low recorded ANC visits
2026,28.0,1.0,1,2.0,married,24.0,1.0,74.0,94.0,56.0,2.0,25+,1,Lower monitoring concern,Low recorded ANC visits
2026,22.0,0.0,0,1.0,married,27.0,2.0,62.0,102.0,62.0,3.0,20-24,0,Lower monitoring concern,
2026,28.0,0.0,0,1.0,married,21.0,3.0,63.0,113.0,75.0,2.0,25+,0,Lower monitoring concern,
2026,26.0,0.0,0,1.0,married,28.0,4.0,71.0,112.0,72.0,3.0,25+,0,Lower monitoring concern,
2026,34.0,0.0,0,1.0,married,22.0,1.0,84.0,104.0,65.0,5.0,25+,1,Lower monitoring concern,Low recorded ANC visits
2026,24.0,1.0,1,5.0,married,27.0,3.0,64.0,109.0,64.0,1.0,20-24,0,Lower monitoring concern,
2026,23.0,0.0,0,2.0,married,18.0,4.0,73.0,119.0,68.0,4.0,20-24,0,Lower monitoring concern,
2026,31.0,0.0,0,1.0,married,22.0,2.0,61.0,117.0,69.0,0.0,25+,0,Lower monitoring concern,
2026,26.0,0.0,0,4.0,married,9.0,4.0,67.0,119.0,69.0,1.0,25+,0,Lower monitoring concern,
2026,31.0,3.0,3+,4.0,married,21.0,4.0,94.0,111.0,67.0,6.0,25+,0,Lower monitoring concern,
2026,27.0,0.0,0,1.0,married,30.4,3.0,69.0,113.0,66.0,1.0,25+,0,Lower monitoring concern,
2026,27.0,1.0,1,2.0,married,15.0,3.0,59.0,125.0,75.0,2.0,25+,0,Lower monitoring concern,
2026,23.0,1.0,1,2.0,married,15.0,1.0,59.0,159.0,125.0,4.0,20-24,5,Higher monitoring concern,Elevated systolic BP; Elevated diastolic BP; Low recorded ANC visits
2026,36.0,2.0,2,4.0,married,19.0,1.0,67.0,107.0,64.0,0.0,25+,2,Moderate monitoring concern,Age 35 or above; Low recorded ANC visits
2026,35.0,3.0,3+,4.0,married,15.0,2.0,62.0,111.0,70.0,0.0,25+,1,Lower monitoring concern,Age 35 or above
2026,28.0,0.0,0,1.0,married,27.0,1.0,59.0,100.0,60.0,2.0,25+,1,Lower monitoring concern,Low recorded ANC visits
2026,36.0,3.0,3+,4.0,married,19.0,1.0,67.0,107.0,64.0,2.0,25+,2,Moderate monitoring concern,Age 35 or above; Low recorded ANC visits
2026,41.0,8.0,3+,9.0,married,26.0,1.0,82.0,114.0,70.0,3.0,25+,3,Moderate monitoring concern,Age 35 or above; High parity; Low recorded ANC visits
2026,26.0,1.0,1,2.0,married,20.0,3.0,76.0,112.0,68.0,0.0,25+,0,Lower monitoring concern,
2026,35.0,1.0,1,2.0,married,19.0,3.0,51.0,149.0,60.0,0.0,25+,3,Moderate monitoring concern,Age 35 or above; Elevated systolic BP
2026,26.0,1.0,1,2.0,married,36.0,6.0,72.0,92.0,61.0,5.0,25+,0,Lower monitoring concern,
2026,25.0,0.0,0,1.0,married,25.0,5.0,65.0,106.0,56.0,0.0,25+,0,Lower monitoring concern,
2026,30.0,0.0,0,1.0,married,10.0,3.0,93.0,93.0,57.0,0.0,25+,0,Lower monitoring concern,
2026,31.0,0.0,0,1.0,married,17.0,1.0,81.0,107.0,70.0,2.0,25+,1,Lower monitoring concern,Low recorded ANC visits
2026,34.0,4.0,3+,5.0,married,20.0,2.0,84.0,104.0,56.0,0.0,25+,1,Lower monitoring concern,High parity
2026,23.0,0.0,0,1.0,married,27.0,4.0,67.0,110.0,59.0,0.0,20-24,0,Lower monitoring concern,
2026,20.0,0.0,0,1.0,married,18.0,2.0,73.0,110.0,58.0,3.0,20-24,0,Lower monitoring concern,
2026,28.0,0.0,0,1.0,married,32.0,7.0,61.0,110.0,68.0,3.0,25+,0,Lower monitoring concern,
2026,31.0,0.0,0,1.0,married,9.0,1.0,67.0,119.0,67.0,3.0,25+,1,Lower monitoring concern,Low recorded ANC visits
2026,27.0,2.0,2,3.0,married,21.0,6.0,94.0,111.0,67.0,1.0,25+,0,Lower monitoring concern,
2026,32.0,0.0,0,1.0,married,32.0,5.0,69.0,139.0,86.0,0.0,25+,0,Lower monitoring concern,
2026,29.0,1.0,1,2.0,married,15.0,1.0,59.0,125.0,75.0,1.0,25+,1,Lower monitoring concern,Low recorded ANC visits
2026,26.0,0.0,0,1.0,married,9.0,2.0,62.0,112.0,63.0,3.0,25+,0,Lower monitoring concern,
2026,20.0,2.0,2,4.0,married,32.0,2.0,63.0,98.0,78.0,3.0,20-24,0,Lower monitoring concern,
2026,32.0,0.0,0,1.0,married,28.0,1.0,55.0,106.0,61.0,3.0,25+,1,Lower monitoring concern,Low recorded ANC visits
2026,24.0,0.0,0,1.0,married,7.0,3.0,81.0,123.0,73.0,3.0,20-24,0,Lower monitoring concern,
2026,38.0,0.0,0,2.0,married,16.0,2.0,73.0,118.0,67.0,3.0,25+,1,Lower monitoring concern,Age 35 or above
2026,25.0,2.0,2,4.0,married,20.0,4.0,75.0,107.0,76.0,5.0,25+,0,Lower monitoring concern,
2026,29.0,1.0,1,2.0,married,14.0,1.0,77.0,105.0,67.0,1.0,25+,1,Lower monitoring concern,Low recorded ANC visits
2026,19.0,1.0,1,3.0,married,21.0,1.0,57.0,119.0,82.0,1.0,<20,2,Moderate monitoring concern,Age below 20; Low recorded ANC visits
2026,34.0,0.0,0,1.0,married,34.0,1.0,50.0,123.0,84.0,1.0,25+,1,Lower monitoring concern,Low recorded ANC visits
2026,35.0,1.0,1,2.0,married,18.0,2.0,68.0,117.0,71.0,1.0,25+,1,Lower monitoring concern,Age 35 or above
2026,23.0,0.0,0,1.0,married,24.0,1.0,77.0,110.0,68.0,2.0,20-24,1,Lower monitoring concern,Low recorded ANC visits
2026,22.0,0.0,0,1.0,married,36.0,3.0,54.0,93.0,56.0,0.0,20-24,0,Lower monitoring concern,
2026,33.0,2.0,2,3.0,married,22.0,4.0,80.0,123.0,79.0,0.0,25+,0,Lower monitoring concern,
2026,24.0,0.0,0,1.0,married,18.0,1.0,73.0,116.0,76.0,1.0,20-24,1,Lower monitoring concern,Low recorded ANC visits
2026,33.0,2.0,2,3.0,married,22.0,1.0,67.0,119.0,67.0,1.0,25+,1,Lower monitoring concern,Low recorded ANC visits
2026,23.0,0.0,0,2.0,married,26.0,1.0,67.0,123.0,76.0,3.0,20-24,1,Lower monitoring concern,Low recorded ANC visits
2026,28.0,0.0,0,1.0,married,33.0,4.0,63.0,103.0,63.0,0.0,25+,0,Lower monitoring concern,
2026,28.0,5.0,3+,5.0,married,27.0,6.0,74.0,109.0,67.0,3.0,25+,1,Lower monitoring concern,High parity
2026,36.0,1.0,1,2.0,married,19.0,1.0,67.0,107.0,64.0,3.0,25+,2,Moderate monitoring concern,Age 35 or above; Low recorded ANC visits
2026,41.0,0.0,0,1.0,married,26.0,1.0,82.0,114.0,70.0,2.0,25+,2,Moderate monitoring concern,Age 35 or above; Low recorded ANC visits
2026,26.0,1.0,1,2.0,married,20.0,3.0,76.0,112.0,68.0,1.0,25+,0,Lower monitoring concern,
2026,35.0,2.0,2,3.0,married,19.0,3.0,51.0,149.0,60.0,4.0,25+,3,Moderate monitoring concern,Age 35 or above; Elevated systolic BP
2026,26.0,3.0,3+,4.0,married,36.0,6.0,72.0,92.0,61.0,3.0,25+,0,Lower monitoring concern,
2026,25.0,0.0,0,1.0,married,25.0,5.0,65.0,106.0,56.0,0.0,25+,0,Lower monitoring concern,
2026,30.0,3.0,3+,4.0,married,10.0,3.0,93.0,93.0,57.0,1.0,25+,0,Lower monitoring concern,
2026,31.0,8.0,3+,9.0,married,17.0,1.0,81.0,107.0,70.0,3.0,25+,2,Moderate monitoring concern,High parity; Low recorded ANC visits
2026,34.0,1.0,1,2.0,divorced,20.0,2.0,84.0,104.0,56.0,7.0,25+,0,Lower monitoring concern,
2026,23.0,1.0,1,2.0,married,27.0,4.0,67.0,110.0,59.0,2.0,20-24,0,Lower monitoring concern,
2026,20.0,1.0,1,2.0,married,18.0,2.0,73.0,110.0,58.0,1.0,20-24,0,Lower monitoring concern,
2026,28.0,0.0,0,1.0,married,32.0,7.0,61.0,110.0,68.0,0.0,25+,0,Lower monitoring concern,
2026,31.0,0.0,0,1.0,married,9.0,1.0,67.0,119.0,67.0,5.0,25+,1,Lower monitoring concern,Low recorded ANC visits
2026,27.0,0.0,0,1.0,married,21.0,6.0,94.0,111.0,67.0,3.0,25+,0,Lower monitoring concern,
2026,32.0,4.0,3+,5.0,married,32.0,5.0,69.0,139.0,86.0,4.0,25+,1,Lower monitoring concern,High parity
2026,29.0,0.0,0,1.0,married,15.0,1.0,59.0,125.0,75.0,4.0,25+,1,Lower monitoring concern,Low recorded ANC visits
2026,26.0,0.0,0,1.0,married,9.0,2.0,62.0,112.0,63.0,0.0,25+,0,Lower monitoring concern,
2026,20.0,0.0,0,1.0,married,32.0,2.0,63.0,98.0,78.0,0.0,20-24,0,Lower monitoring concern,
2026,32.0,0.0,0,1.0,married,28.0,1.0,55.0,106.0,61.0,3.0,25+,1,Lower monitoring concern,Low recorded ANC visits
2026,24.0,2.0,2,3.0,married,7.0,3.0,81.0,123.0,73.0,3.0,20-24,0,Lower monitoring concern,
2026,32.0,0.0,0,1.0,married,24.0,1.0,61.0,106.0,64.0,3.0,25+,1,Lower monitoring concern,Low recorded ANC visits
2026,26.0,1.0,1,2.0,married,33.0,5.0,79.0,100.0,69.0,3.0,25+,0,Lower monitoring concern,
2026,30.0,0.0,0,1.0,married,27.0,6.0,69.0,103.0,66.0,2.0,25+,0,Lower monitoring concern,
2026,24.0,2.0,2,4.0,married,38.0,7.0,85.0,103.0,61.0,2.0,20-24,0,Lower monitoring concern,
2026,26.0,0.0,0,1.0,married,25.0,6.0,59.0,112.0,71.0,4.0,25+,0,Lower monitoring concern,
2026,38.0,0.0,0,1.0,married,33.0,2.0,65.0,103.0,76.0,0.0,25+,1,Lower monitoring concern,Age 35 or above
2026,27.0,2.0,2,3.0,married,14.0,1.0,60.0,111.0,62.0,0.0,25+,1,Lower monitoring concern,Low recorded ANC visits
2026,32.0,0.0,0,1.0,married,35.0,5.0,49.0,130.0,72.0,3.0,25+,0,Lower monitoring concern,
2026,26.0,1.0,1,2.0,married,30.0,2.0,68.0,109.0,64.0,3.0,25+,0,Lower monitoring concern,
2026,28.0,0.0,0,1.0,married,24.0,5.0,74.0,94.0,56.0,0.0,25+,0,Lower monitoring concern,
2026,22.0,2.0,2,4.0,married,23.0,1.0,63.0,102.0,62.0,5.0,20-24,1,Lower monitoring concern,Low recorded ANC visits
2026,33.0,0.0,0,1.0,married,21.0,4.0,62.0,113.0,75.0,5.0,25+,0,Lower monitoring concern,
2026,26.0,0.0,0,1.0,married,37.0,5.0,71.0,112.0,72.0,0.0,25+,0,Lower monitoring concern,
2026,20.0,0.0,0,2.0,married,30.0,6.0,55.0,100.0,68.0,0.0,20-24,0,Lower monitoring concern,
2026,28.0,2.0,2,4.0,married,33.0,5.0,75.0,116.0,76.0,0.0,25+,0,Lower monitoring concern,
2026,28.0,1.0,1,2.0,married,33.0,4.0,63.0,103.0,63.0,0.0,25+,0,Lower monitoring concern,
2026,28.0,1.0,1,3.0,single,27.0,6.0,74.0,109.0,67.0,0.0,25+,0,Lower monitoring concern,
2026,37.0,0.0,0,1.0,single,13.0,1.0,61.0,110.0,71.0,0.0,25+,2,Moderate monitoring concern,Age 35 or above; Low recorded ANC visits
2026,27.0,1.0,1,2.0,married,21.0,2.0,52.0,104.0,69.0,5.0,25+,0,Lower monitoring concern,
2026,24.0,0.0,0,1.0,married,30.0,3.0,48.0,109.0,64.0,4.0,20-24,0,Lower monitoring concern,
2026,31.0,0.0,0,1.0,divorced,12.0,5.0,68.0,132.0,77.0,1.0,25+,0,Lower monitoring concern,
2026,23.0,2.0,2,3.0,married,28.0,2.0,55.0,102.0,64.0,0.0,20-24,0,Lower monitoring concern,
2026,26.0,0.0,0,1.0,married,19.0,1.0,64.0,115.0,73.0,0.0,25+,1,Lower monitoring concern,Low recorded ANC visits
2026,32.0,2.0,2,3.0,married,36.0,4.0,70.0,120.0,80.0,0.0,25+,0,Lower monitoring concern,
2026,29.0,0.0,0,2.0,married,22.0,3.0,58.0,108.0,65.0,1.0,25+,0,Lower monitoring concern,
2026,35.0,0.0,0,1.0,married,15.0,2.0,62.0,111.0,70.0,1.0,25+,1,Lower monitoring concern,Age 35 or above
2026,28.0,5.0,3+,5.0,married,27.0,1.0,59.0,100.0,60.0,3.0,25+,2,Moderate monitoring concern,High parity; Low recorded ANC visits
2026,36.0,1.0,1,2.0,married,19.0,1.0,67.0,107.0,64.0,1.0,25+,2,Moderate monitoring concern,Age 35 or above; Low recorded ANC visits
2026,41.0,0.0,0,1.0,married,26.0,1.0,82.0,114.0,70.0,0.0,25+,2,Moderate monitoring concern,Age 35 or above; Low recorded ANC visits
2026,26.0,1.0,1,2.0,married,20.0,3.0,76.0,112.0,68.0,0.0,25+,0,Lower monitoring concern,
2026,35.0,2.0,2,3.0,married,19.0,3.0,51.0,149.0,60.0,5.0,25+,3,Moderate monitoring concern,Age 35 or above; Elevated systolic BP
2026,26.0,3.0,3+,4.0,married,36.0,6.0,72.0,92.0,61.0,5.0,25+,0,Lower monitoring concern,
2026,25.0,0.0,0,1.0,married,25.0,5.0,65.0,106.0,56.0,3.0,25+,0,Lower monitoring concern,
2026,30.0,3.0,3+,4.0,divorced,10.0,3.0,93.0,93.0,57.0,3.0,25+,0,Lower monitoring concern,
2026,31.0,5.0,3+,5.0,divorced,17.0,1.0,81.0,107.0,70.0,5.0,25+,2,Moderate monitoring concern,High parity; Low recorded ANC visits
2026,34.0,1.0,1,2.0,married,20.0,2.0,84.0,104.0,56.0,5.0,25+,0,Lower monitoring concern,
2026,23.0,0.0,0,1.0,married,27.0,4.0,67.0,110.0,59.0,1.0,20-24,0,Lower monitoring concern,
2026,20.0,1.0,1,2.0,married,18.0,2.0,73.0,110.0,58.0,3.0,20-24,0,Lower monitoring concern,
2026,28.0,2.0,2,3.0,married,32.0,7.0,61.0,110.0,68.0,0.0,25+,0,Lower monitoring concern,
2026,31.0,3.0,3+,4.0,married,9.0,1.0,67.0,119.0,67.0,0.0,25+,1,Lower monitoring concern,Low recorded ANC visits
2026,27.0,0.0,0,1.0,married,21.0,6.0,94.0,111.0,67.0,0.0,25+,0,Lower monitoring concern,
2026,32.0,3.0,3+,4.0,married,32.0,5.0,69.0,139.0,86.0,1.0,25+,0,Lower monitoring concern,
2026,29.0,8.0,3+,9.0,married,15.0,1.0,59.0,125.0,75.0,0.0,25+,2,Moderate monitoring concern,High parity; Low recorded ANC visits
2026,26.0,1.0,1,2.0,married,9.0,2.0,62.0,112.0,63.0,0.0,25+,0,Lower monitoring concern,
2026,20.0,1.0,1,2.0,married,32.0,2.0,63.0,98.0,78.0,3.0,20-24,0,Lower monitoring concern,
2026,,,,,,,,,,,,,0,Lower monitoring concern,
2026,,,,,,,,,,,,,0,Lower monitoring concern,
2026,,,,,,,,,,,,,0,Lower monitoring concern,
2026,,,,,,,,,,,,,0,Lower monitoring concern,
2026,,,,,,,,,,,,,0,Lower monitoring concern,
2026,,,,,,,,,,,,,0,Lower monitoring concern,
2026,,,,,,,,,,,,,0,Lower monitoring concern,
2026,,,,,,,,,,,,,0,Lower monitoring concern,
2026,,,,,,,,,,,,,0,Lower monitoring concern,
2026,,,,,,,,,,,,,0,Lower monitoring concern,
2026,,,,,,,,,,,,,0,Lower monitoring concern,
2026,,,,,,,,,,,,,0,Lower monitoring concern,
2026,,,,,,,,,,,,,0,Lower monitoring concern,
2026,,,,,,,,,,,,,0,Lower monitoring concern,
2026,,,,,,,,,,,,,0,Lower monitoring concern,
2026,,,,,,,,,,,,,0,Lower monitoring concern,
2026,,,,,,,,,,,,,0,Lower monitoring concern,
2026,,,,,,,,,,,,,0,Lower monitoring concern,
2026,,,,,,,,,,,,,0,Lower monitoring concern,
2026,,,,,,,,,,,,,0,Lower monitoring concern,
2026,,,,,,,,,,,,,0,Lower monitoring concern,
2026,,,,,,,,,,,,,0,Lower monitoring concern,
2026,,,,,,,,,,,,,0,Lower monitoring concern,
2026,,,,,,,,,,,,,0,Lower monitoring concern,
2026,,,,,,,,,,,,,0,Lower monitoring concern,
2026,,,,,,,,,,,,,0,Lower monitoring concern,
2026,,,,,,,,,,,,,0,Lower monitoring concern,
2026,,,,,,,,,,,,,0,Lower monitoring concern,
2026,,,,,,,,,,,,,0,Lower monitoring concern,
2026,,,,,,,,,,,,,0,Lower monitoring concern,
2026,,,,,,,,,,,,,0,Lower monitoring concern,
2026,,,,,,,,,,,,,0,Lower monitoring concern,
